ts_code,symbol,name,area,industry,list_date
300016.SZ,300016.0,北陆药业,北京,化学制药,20091030.0
300002.SZ,300002.0,神州泰岳,北京,互联网,20091030.0
300010.SZ,300010.0,豆神教育,北京,软件服务,20091030.0
300001.SZ,300001.0,特锐德,山东,电气设备,20091030.0
300004.SZ,300004.0,南风股份,广东,电气设备,20091030.0
300008.SZ,300008.0,天海防务,上海,船舶,20091030.0
300003.SZ,300003.0,乐普医疗,北京,医疗保健,20091030.0
300006.SZ,300006.0,莱美药业,重庆,化学制药,20091030.0
300007.SZ,300007.0,汉威科技,河南,电器仪表,20091030.0
300014.SZ,300014.0,亿纬锂能,广东,电气设备,20091030.0
300009.SZ,300009.0,安科生物,安徽,生物制药,20091030.0
300011.SZ,300011.0,鼎汉技术,北京,运输设备,20091030.0
300005.SZ,300005.0,探路者,北京,服饰,20091030.0
300013.SZ,300013.0,新宁物流,河南,仓储物流,20091030.0
300012.SZ,300012.0,华测检测,深圳,电器仪表,20091030.0
300018.SZ,300018.0,中元股份,湖北,电气设备,20091030.0
300017.SZ,300017.0,网宿科技,上海,软件服务,20091030.0
300015.SZ,300015.0,爱尔眼科,湖南,医疗保健,20091030.0
300019.SZ,300019.0,硅宝科技,四川,化工原料,20091030.0
300022.SZ,300022.0,吉峰科技,四川,农用机械,20091030.0
300024.SZ,300024.0,机器人,辽宁,专用机械,20091030.0
300021.SZ,300021.0,大禹节水,甘肃,建筑工程,20091030.0
300027.SZ,300027.0,华谊兄弟,浙江,影视音像,20091030.0
300026.SZ,300026.0,红日药业,天津,中成药,20091030.0
300025.SZ,300025.0,华星创业,浙江,通信设备,20091030.0
300033.SZ,300033.0,同花顺,浙江,软件服务,20091225.0
300031.SZ,300031.0,宝通科技,江苏,互联网,20091225.0
300034.SZ,300034.0,钢研高纳,北京,航空,20091225.0
300032.SZ,300032.0,金龙机电,浙江,元器件,20091225.0
300035.SZ,300035.0,中科电气,湖南,电气设备,20091225.0
300036.SZ,300036.0,超图软件,北京,软件服务,20091225.0
300030.SZ,300030.0,阳普医疗,广东,医疗保健,20091225.0
300041.SZ,300041.0,回天新材,湖北,化工原料,20100108.0
300037.SZ,300037.0,新宙邦,深圳,化工原料,20100108.0
300040.SZ,300040.0,九洲集团,黑龙江,新型电力,20100108.0
300039.SZ,300039.0,上海凯宝,上海,中成药,20100108.0
300042.SZ,300042.0,朗科科技,深圳,IT设备,20100108.0
300045.SZ,300045.0,华力创通,北京,IT设备,20100120.0
300049.SZ,300049.0,福瑞医科,内蒙,医疗保健,20100120.0
300047.SZ,300047.0,天源迪科,深圳,软件服务,20100120.0
300048.SZ,300048.0,合康新能,北京,电气设备,20100120.0
300050.SZ,300050.0,世纪鼎利,广东,通信设备,20100120.0
300046.SZ,300046.0,台基股份,湖北,半导体,20100120.0
300043.SZ,300043.0,星辉娱乐,广东,互联网,20100120.0
300051.SZ,300051.0,琏升科技,江苏,综合类,20100211.0
300052.SZ,300052.0,中青宝,深圳,互联网,20100211.0
300054.SZ,300054.0,鼎龙股份,湖北,化工原料,20100211.0
300053.SZ,300053.0,航宇微,广东,半导体,20100211.0
300057.SZ,300057.0,万顺新材,广东,铝,20100226.0
300055.SZ,300055.0,万邦达,北京,石油加工,20100226.0
300056.SZ,300056.0,中创环保,福建,环境保护,20100226.0
300058.SZ,300058.0,蓝色光标,北京,广告包装,20100226.0
300059.SZ,300059.0,东方财富,上海,证券,20100319.0
300061.SZ,300061.0,旗天科技,上海,互联网,20100319.0
300062.SZ,300062.0,中能电气,福建,电气设备,20100319.0
300066.SZ,300066.0,三川智慧,江西,电器仪表,20100326.0
300063.SZ,300063.0,天龙集团,广东,互联网,20100326.0
300065.SZ,300065.0,海兰信,北京,船舶,20100326.0
300071.SZ,300071.0,福石控股,北京,广告包装,20100421.0
300068.SZ,300068.0,南都电源,浙江,电气设备,20100421.0
300070.SZ,300070.0,碧水源,北京,环境保护,20100421.0
300069.SZ,300069.0,金利华电,山西,电气设备,20100421.0
300067.SZ,300067.0,安诺其,上海,染料涂料,20100421.0
300073.SZ,300073.0,当升科技,北京,电气设备,20100427.0
300072.SZ,300072.0,海新能科,北京,化工原料,20100427.0
300075.SZ,300075.0,数字政通,北京,软件服务,20100427.0
300074.SZ,300074.0,华平股份,上海,软件服务,20100427.0
300076.SZ,300076.0,GQY视讯,浙江,IT设备,20100430.0
300078.SZ,300078.0,思创智联,浙江,软件服务,20100430.0
300079.SZ,300079.0,数码视讯,北京,IT设备,20100430.0
300077.SZ,300077.0,国民技术,深圳,半导体,20100430.0
300083.SZ,300083.0,创世纪,广东,机床制造,20100520.0
300082.SZ,300082.0,奥克股份,辽宁,化工原料,20100520.0
300084.SZ,300084.0,海默科技,甘肃,专用机械,20100520.0
300087.SZ,300087.0,荃银高科,安徽,种植业,20100526.0
300086.SZ,300086.0,康芝药业,海南,化学制药,20100526.0
300088.SZ,300088.0,长信科技,安徽,元器件,20100526.0
300085.SZ,300085.0,银之杰,深圳,软件服务,20100526.0
300080.SZ,300080.0,易成新能,河南,电气设备,20100625.0
300094.SZ,300094.0,国联水产,广东,渔业,20100708.0
300092.SZ,300092.0,科新机电,四川,专用机械,20100708.0
300098.SZ,300098.0,高新兴,广东,软件服务,20100728.0
300097.SZ,300097.0,智云股份,辽宁,专用机械,20100728.0
300095.SZ,300095.0,华伍股份,江西,专用机械,20100728.0
300101.SZ,300101.0,振芯科技,四川,通信设备,20100806.0
300099.SZ,300099.0,尤洛卡,山东,电器仪表,20100806.0
300100.SZ,300100.0,双林股份,浙江,汽车配件,20100806.0
300103.SZ,300103.0,达刚控股,陕西,专用机械,20100812.0
300102.SZ,300102.0,乾照光电,福建,半导体,20100812.0
300105.SZ,300105.0,龙源技术,山东,环境保护,20100820.0
300107.SZ,300107.0,建新股份,河北,化工原料,20100820.0
300106.SZ,300106.0,西部牧业,新疆,乳制品,20100820.0
300110.SZ,300110.0,华仁药业,山东,化学制药,20100825.0
300109.SZ,300109.0,新开源,河南,化工原料,20100825.0
300113.SZ,300113.0,顺网科技,浙江,互联网,20100827.0
300112.SZ,300112.0,万讯自控,深圳,电器仪表,20100827.0
300111.SZ,300111.0,向日葵,浙江,化学制药,20100827.0
300118.SZ,300118.0,东方日升,浙江,电气设备,20100902.0
300115.SZ,300115.0,长盈精密,深圳,元器件,20100902.0
300120.SZ,300120.0,经纬辉开,天津,元器件,20100917.0
300121.SZ,300121.0,阳谷华泰,山东,化工原料,20100917.0
300119.SZ,300119.0,瑞普生物,天津,农业综合,20100917.0
300124.SZ,300124.0,汇川技术,深圳,电器仪表,20100928.0
300122.SZ,300122.0,智飞生物,重庆,生物制药,20100928.0
300126.SZ,300126.0,锐奇股份,上海,轻工机械,20101013.0
300128.SZ,300128.0,锦富技术,江苏,元器件,20101013.0
300127.SZ,300127.0,银河磁体,四川,矿物制品,20101013.0
300129.SZ,300129.0,泰胜风能,上海,电气设备,20101019.0
300130.SZ,300130.0,新国都,深圳,IT设备,20101019.0
300131.SZ,300131.0,英唐智控,深圳,元器件,20101019.0
300133.SZ,300133.0,华策影视,浙江,影视音像,20101026.0
300134.SZ,300134.0,大富科技,安徽,通信设备,20101026.0
300135.SZ,300135.0,宝利国际,江苏,石油加工,20101026.0
300132.SZ,300132.0,青松股份,福建,化工原料,20101026.0
300137.SZ,300137.0,先河环保,河北,环境保护,20101105.0
300138.SZ,300138.0,晨光生物,河北,食品,20101105.0
300136.SZ,300136.0,信维通信,深圳,元器件,20101105.0
300139.SZ,300139.0,晓程科技,北京,黄金,20101112.0
300142.SZ,300142.0,沃森生物,云南,生物制药,20101112.0
300141.SZ,300141.0,和顺电气,江苏,电气设备,20101112.0
300140.SZ,300140.0,节能环境,陕西,环境保护,20101112.0
300144.SZ,300144.0,宋城演艺,浙江,旅游景点,20101209.0
300143.SZ,300143.0,盈康生命,山东,医疗保健,20101209.0
300145.SZ,300145.0,南方泵业,浙江,机械基件,20101209.0
300148.SZ,300148.0,天舟文化,湖南,出版业,20101215.0
300146.SZ,300146.0,汤臣倍健,广东,食品,20101215.0
300150.SZ,300150.0,世纪瑞尔,北京,软件服务,20101222.0
300149.SZ,300149.0,睿智医药,广东,生物制药,20101222.0
300151.SZ,300151.0,昌红科技,深圳,专用机械,20101222.0
300154.SZ,300154.0,瑞凌股份,深圳,机械基件,20101229.0
300153.SZ,300153.0,科泰电源,上海,电气设备,20101229.0
300158.SZ,300158.0,振东制药,山西,化学制药,20110107.0
300157.SZ,300157.0,新锦动力,北京,专用机械,20110107.0
300155.SZ,300155.0,安居宝,广东,IT设备,20110107.0
300162.SZ,300162.0,雷曼光电,深圳,元器件,20110113.0
300161.SZ,300161.0,华中数控,湖北,机床制造,20110113.0
300164.SZ,300164.0,通源石油,陕西,石油开采,20110113.0
300163.SZ,300163.0,先锋新材,浙江,家居用品,20110113.0
300160.SZ,300160.0,秀强股份,江苏,家用电器,20110113.0
300168.SZ,300168.0,万达信息,上海,软件服务,20110125.0
300169.SZ,300169.0,天晟新材,江苏,塑料,20110125.0
300165.SZ,300165.0,天瑞仪器,江苏,电器仪表,20110125.0
300166.SZ,300166.0,东方国信,北京,软件服务,20110125.0
300170.SZ,300170.0,汉得信息,上海,软件服务,20110201.0
300174.SZ,300174.0,元力股份,福建,化工原料,20110201.0
300172.SZ,300172.0,中电环保,江苏,环境保护,20110201.0
300171.SZ,300171.0,东富龙,上海,医疗保健,20110201.0
300179.SZ,300179.0,四方达,河南,矿物制品,20110215.0
300177.SZ,300177.0,中海达,广东,通信设备,20110215.0
300176.SZ,300176.0,鸿特科技,广东,汽车配件,20110215.0
300180.SZ,300180.0,华峰超纤,上海,化纤,20110222.0
300181.SZ,300181.0,佐力药业,浙江,中成药,20110222.0
300183.SZ,300183.0,东软载波,山东,通信设备,20110222.0
300184.SZ,300184.0,力源信息,湖北,元器件,20110222.0
300182.SZ,300182.0,捷成股份,北京,影视音像,20110222.0
300187.SZ,300187.0,永清环保,湖南,环境保护,20110308.0
300185.SZ,300185.0,通裕重工,山东,工程机械,20110308.0
300191.SZ,300191.0,潜能恒信,北京,石油开采,20110316.0
300188.SZ,300188.0,国投智能,福建,软件服务,20110316.0
300190.SZ,300190.0,维尔利,江苏,环境保护,20110316.0
300189.SZ,300189.0,神农种业,海南,种植业,20110316.0
300194.SZ,300194.0,福安药业,重庆,化学制药,20110322.0
300193.SZ,300193.0,佳士科技,深圳,专用机械,20110322.0
300192.SZ,300192.0,科德教育,江苏,文教休闲,20110322.0
300197.SZ,300197.0,节能铁汉,深圳,环境保护,20110329.0
300195.SZ,300195.0,长荣股份,天津,轻工机械,20110329.0
300196.SZ,300196.0,长海股份,江苏,玻璃,20110329.0
300199.SZ,300199.0,翰宇药业,深圳,化学制药,20110407.0
300200.SZ,300200.0,高盟新材,北京,化工原料,20110407.0
300201.SZ,300201.0,海伦哲,江苏,工程机械,20110407.0
300203.SZ,300203.0,聚光科技,浙江,电器仪表,20110415.0
300204.SZ,300204.0,舒泰神,北京,生物制药,20110415.0
300206.SZ,300206.0,理邦仪器,深圳,医疗保健,20110421.0
300207.SZ,300207.0,欣旺达,深圳,电气设备,20110421.0
300210.SZ,300210.0,森远股份,辽宁,专用机械,20110426.0
300209.SZ,300209.0,行云科技,湖南,互联网,20110426.0
300213.SZ,300213.0,佳讯飞鸿,北京,通信设备,20110505.0
300212.SZ,300212.0,易华录,北京,软件服务,20110505.0
300214.SZ,300214.0,日科化学,山东,化工原料,20110511.0
300215.SZ,300215.0,电科院,江苏,电气设备,20110511.0
300218.SZ,300218.0,安利股份,安徽,塑料,20110518.0
300219.SZ,300219.0,鸿利智汇,广东,元器件,20110518.0
300217.SZ,300217.0,东方电热,江苏,家用电器,20110518.0
300220.SZ,300220.0,金运激光,湖北,专用机械,20110525.0
300222.SZ,300222.0,科大智能,上海,电气设备,20110525.0
300221.SZ,300221.0,银禧科技,广东,塑料,20110525.0
300223.SZ,300223.0,北京君正,北京,半导体,20110531.0
300224.SZ,300224.0,正海磁材,山东,矿物制品,20110531.0
300227.SZ,300227.0,光韵达,深圳,专用机械,20110608.0
300228.SZ,300228.0,富瑞特装,江苏,化工机械,20110608.0
300226.SZ,300226.0,上海钢联,上海,互联网,20110608.0
300229.SZ,300229.0,拓尔思,北京,软件服务,20110615.0
300231.SZ,300231.0,银信科技,北京,软件服务,20110615.0
300230.SZ,300230.0,永利股份,上海,塑料,20110615.0
300232.SZ,300232.0,洲明科技,深圳,元器件,20110622.0
300234.SZ,300234.0,开尔新材,浙江,陶瓷,20110622.0
300233.SZ,300233.0,金城医药,山东,化学制药,20110622.0
300235.SZ,300235.0,方直科技,深圳,软件服务,20110629.0
300236.SZ,300236.0,上海新阳,上海,半导体,20110629.0
300238.SZ,300238.0,冠昊生物,广东,医疗保健,20110706.0
300240.SZ,300240.0,飞力达,江苏,仓储物流,20110706.0
300239.SZ,300239.0,东宝生物,内蒙,生物制药,20110706.0
300242.SZ,300242.0,佳云科技,广东,互联网,20110712.0
300241.SZ,300241.0,瑞丰光电,深圳,半导体,20110712.0
300243.SZ,300243.0,瑞丰高材,山东,化工原料,20110712.0
300245.SZ,300245.0,天玑科技,上海,软件服务,20110719.0
300244.SZ,300244.0,迪安诊断,浙江,医疗保健,20110719.0
300246.SZ,300246.0,宝莱特,广东,医疗保健,20110719.0
300247.SZ,300247.0,融捷健康,安徽,医疗保健,20110729.0
300248.SZ,300248.0,新开普,河南,软件服务,20110729.0
300249.SZ,300249.0,依米康,四川,IT设备,20110803.0
300250.SZ,300250.0,初灵信息,浙江,软件服务,20110803.0
300251.SZ,300251.0,光线传媒,北京,影视音像,20110803.0
300253.SZ,300253.0,卫宁健康,上海,软件服务,20110818.0
300252.SZ,300252.0,金信诺,深圳,通信设备,20110818.0
300257.SZ,300257.0,开山股份,上海,机械基件,20110819.0
300254.SZ,300254.0,仟源医药,山西,化学制药,20110819.0
300256.SZ,300256.0,星星科技,江西,元器件,20110819.0
300255.SZ,300255.0,常山药业,河北,生物制药,20110819.0
300258.SZ,300258.0,精锻科技,江苏,汽车配件,20110826.0
300259.SZ,300259.0,新天科技,河南,电器仪表,20110831.0
300260.SZ,300260.0,新莱应材,江苏,机械基件,20110906.0
300261.SZ,300261.0,雅本化学,江苏,农药化肥,20110906.0
300264.SZ,300264.0,佳创视讯,深圳,软件服务,20110916.0
300265.SZ,300265.0,通光线缆,江苏,电气设备,20110916.0
300263.SZ,300263.0,隆华科技,河南,专用机械,20110916.0
300267.SZ,300267.0,尔康制药,湖南,化学制药,20110927.0
300266.SZ,300266.0,兴源环境,浙江,环境保护,20110927.0
300269.SZ,300269.0,联建光电,深圳,元器件,20111012.0
300270.SZ,300270.0,中威电子,浙江,IT设备,20111012.0
300271.SZ,300271.0,华宇软件,北京,软件服务,20111026.0
300272.SZ,300272.0,开能健康,上海,家用电器,20111102.0
300274.SZ,300274.0,阳光电源,安徽,电气设备,20111102.0
300275.SZ,300275.0,梅安森,重庆,工程机械,20111102.0
300276.SZ,300276.0,三丰智能,湖北,专用机械,20111115.0
300277.SZ,300277.0,汽轮科技,浙江,机械基件,20111123.0
300278.SZ,300278.0,华昌达,湖北,专用机械,20111216.0
300279.SZ,300279.0,和晶科技,江苏,元器件,20111229.0
300281.SZ,300281.0,金明精机,广东,专用机械,20111229.0
300284.SZ,300284.0,苏交科,江苏,建筑工程,20120110.0
300283.SZ,300283.0,温州宏丰,浙江,电气设备,20120110.0
300285.SZ,300285.0,国瓷材料,山东,陶瓷,20120113.0
300286.SZ,300286.0,安科瑞,上海,电器仪表,20120113.0
300287.SZ,300287.0,飞利信,北京,软件服务,20120201.0
300291.SZ,300291.0,百纳千成,北京,影视音像,20120209.0
300288.SZ,300288.0,朗玛信息,贵州,软件服务,20120216.0
300290.SZ,300290.0,荣科科技,辽宁,软件服务,20120216.0
300289.SZ,300289.0,利德曼,北京,医疗保健,20120216.0
300292.SZ,300292.0,吴通控股,江苏,互联网,20120229.0
300294.SZ,300294.0,博雅生物,江西,生物制药,20120308.0
300293.SZ,300293.0,蓝英装备,辽宁,专用机械,20120308.0
300296.SZ,300296.0,利亚德,北京,元器件,20120315.0
300303.SZ,300303.0,聚飞光电,深圳,半导体,20120319.0
300298.SZ,300298.0,三诺生物,湖南,医疗保健,20120319.0
300300.SZ,300300.0,海峡创新,福建,软件服务,20120319.0
300299.SZ,300299.0,富春股份,福建,互联网,20120319.0
300304.SZ,300304.0,云意电气,江苏,汽车配件,20120321.0
300302.SZ,300302.0,同有科技,北京,IT设备,20120321.0
300305.SZ,300305.0,裕兴股份,江苏,塑料,20120329.0
300307.SZ,300307.0,慈星股份,浙江,纺织机械,20120329.0
300306.SZ,300306.0,远方信息,浙江,电器仪表,20120329.0
300308.SZ,300308.0,中际旭创,山东,通信设备,20120410.0
300310.SZ,300310.0,宜通世纪,广东,通信设备,20120425.0
300314.SZ,300314.0,戴维医疗,浙江,医疗保健,20120508.0
300317.SZ,300317.0,珈伟新能,深圳,电气设备,20120511.0
300315.SZ,300315.0,掌趣科技,北京,互联网,20120511.0
300316.SZ,300316.0,晶盛机电,浙江,专用机械,20120511.0
300318.SZ,300318.0,博晖创新,北京,医疗保健,20120523.0
300321.SZ,300321.0,同大股份,山东,塑料,20120523.0
300319.SZ,300319.0,麦捷科技,深圳,元器件,20120523.0
300320.SZ,300320.0,海达股份,江苏,橡胶,20120601.0
300323.SZ,300323.0,华灿光电,湖北,半导体,20120601.0
300324.SZ,300324.0,旋极信息,北京,软件服务,20120608.0
300322.SZ,300322.0,硕贝德,广东,元器件,20120608.0
300327.SZ,300327.0,中颖电子,上海,半导体,20120613.0
300329.SZ,300329.0,海伦钢琴,浙江,文教休闲,20120619.0
300328.SZ,300328.0,宜安科技,广东,小金属,20120619.0
300331.SZ,300331.0,苏大维格,江苏,元器件,20120628.0
300333.SZ,300333.0,兆日科技,深圳,IT设备,20120628.0
300332.SZ,300332.0,天壕能源,北京,供气供热,20120628.0
300334.SZ,300334.0,津膜科技,天津,专用机械,20120705.0
300335.SZ,300335.0,迪森股份,广东,供气供热,20120710.0
300339.SZ,300339.0,润和软件,江苏,软件服务,20120718.0
300337.SZ,300337.0,银邦股份,江苏,铝,20120718.0
300340.SZ,300340.0,科恒股份,广东,电气设备,20120726.0
300342.SZ,300342.0,天银机电,江苏,家用电器,20120726.0
300341.SZ,300341.0,麦克奥迪,福建,电气设备,20120726.0
300345.SZ,300345.0,华民股份,湖南,电气设备,20120801.0
300346.SZ,300346.0,南大光电,江苏,半导体,20120807.0
300348.SZ,300348.0,长亮科技,深圳,软件服务,20120817.0
300349.SZ,300349.0,金卡智能,浙江,电器仪表,20120817.0
300347.SZ,300347.0,泰格医药,浙江,医疗保健,20120817.0
300350.SZ,300350.0,华鹏飞,深圳,仓储物流,20120821.0
300352.SZ,300352.0,北信源,北京,软件服务,20120912.0
300354.SZ,300354.0,东华测试,江苏,电器仪表,20120920.0
300351.SZ,300351.0,永贵电器,浙江,运输设备,20120920.0
300353.SZ,300353.0,东土科技,北京,通信设备,20120927.0
300355.SZ,300355.0,蒙草生态,内蒙,环境保护,20120927.0
300358.SZ,300358.0,楚天科技,湖南,医疗保健,20140121.0
300360.SZ,300360.0,炬华科技,浙江,电器仪表,20140121.0
300357.SZ,300357.0,我武生物,浙江,生物制药,20140121.0
300359.SZ,300359.0,全通教育,广东,文教休闲,20140121.0
300370.SZ,300370.0,安控科技,四川,电器仪表,20140123.0
300371.SZ,300371.0,汇中股份,河北,电器仪表,20140123.0
300368.SZ,300368.0,汇金股份,河北,IT设备,20140123.0
300373.SZ,300373.0,扬杰科技,江苏,半导体,20140123.0
300365.SZ,300365.0,恒华科技,北京,软件服务,20140123.0
300375.SZ,300375.0,鹏翎股份,天津,汽车配件,20140127.0
300377.SZ,300377.0,赢时胜,深圳,软件服务,20140127.0
300376.SZ,300376.0,易事特,广东,电气设备,20140127.0
300378.SZ,300378.0,鼎捷数智,上海,软件服务,20140127.0
300381.SZ,300381.0,溢多利,广东,化学制药,20140128.0
300380.SZ,300380.0,安硕信息,上海,软件服务,20140128.0
300383.SZ,300383.0,光环新网,北京,软件服务,20140129.0
300382.SZ,300382.0,斯莱克,江苏,专用机械,20140129.0
300369.SZ,300369.0,绿盟科技,北京,软件服务,20140129.0
300363.SZ,300363.0,博腾股份,重庆,化学制药,20140129.0
300386.SZ,300386.0,飞天诚信,北京,IT设备,20140626.0
300387.SZ,300387.0,富邦科技,湖北,农药化肥,20140702.0
300390.SZ,300390.0,天华新能,江苏,电气设备,20140731.0
300389.SZ,300389.0,艾比森,深圳,元器件,20140801.0
300388.SZ,300388.0,节能国祯,安徽,环境保护,20140801.0
300384.SZ,300384.0,三联虹普,北京,建筑工程,20140801.0
300397.SZ,300397.0,天和防务,陕西,通信设备,20140910.0
300396.SZ,300396.0,迪瑞医疗,吉林,医疗保健,20140910.0
300395.SZ,300395.0,菲利华,湖北,玻璃,20140910.0
300393.SZ,300393.0,中来股份,江苏,塑料,20140912.0
300401.SZ,300401.0,花园生物,浙江,化学制药,20141009.0
300399.SZ,300399.0,天利科技,江西,互联网,20141009.0
300398.SZ,300398.0,飞凯材料,上海,化工原料,20141009.0
300402.SZ,300402.0,宝色股份,江苏,专用机械,20141010.0
300400.SZ,300400.0,劲拓股份,深圳,专用机械,20141010.0
300403.SZ,300403.0,汉宇集团,广东,家用电器,20141030.0
300405.SZ,300405.0,科隆股份,辽宁,化工原料,20141030.0
300406.SZ,300406.0,九强生物,北京,医疗保健,20141030.0
300409.SZ,300409.0,道氏技术,广东,电气设备,20141203.0
300407.SZ,300407.0,凯发电气,天津,电气设备,20141203.0
300408.SZ,300408.0,三环集团,广东,元器件,20141203.0
300411.SZ,300411.0,金盾股份,浙江,专用机械,20141231.0
300410.SZ,300410.0,正业科技,广东,专用机械,20141231.0
300412.SZ,300412.0,迦南科技,浙江,医疗保健,20141231.0
300418.SZ,300418.0,昆仑万维,北京,互联网,20150121.0
300364.SZ,300364.0,中文在线,北京,出版业,20150121.0
300413.SZ,300413.0,芒果超媒,湖南,影视音像,20150121.0
300416.SZ,300416.0,苏试试验,江苏,电器仪表,20150122.0
300415.SZ,300415.0,伊之密,广东,专用机械,20150123.0
300417.SZ,300417.0,南华仪器,广东,电器仪表,20150123.0
300425.SZ,300425.0,中建环能,四川,环境保护,20150216.0
300421.SZ,300421.0,力星股份,江苏,机械基件,20150217.0
300420.SZ,300420.0,五洋自控,江苏,机械基件,20150217.0
300423.SZ,300423.0,昇辉科技,山东,电气设备,20150217.0
300422.SZ,300422.0,博世科,广西,环境保护,20150217.0
300426.SZ,300426.0,华智数媒,浙江,影视音像,20150217.0
300427.SZ,300427.0,红相股份,福建,电气设备,20150217.0
300394.SZ,300394.0,天孚通信,江苏,通信设备,20150217.0
300433.SZ,300433.0,蓝思科技,湖南,元器件,20150318.0
300430.SZ,300430.0,诚益通,北京,电器仪表,20150319.0
300374.SZ,300374.0,中铁装配,北京,其他建材,20150319.0
300432.SZ,300432.0,富临精工,四川,汽车配件,20150319.0
300428.SZ,300428.0,立中集团,河北,汽车配件,20150319.0
300429.SZ,300429.0,强力新材,江苏,化工原料,20150324.0
300435.SZ,300435.0,中泰股份,浙江,供气供热,20150326.0
300436.SZ,300436.0,广生堂,福建,化学制药,20150422.0
300449.SZ,300449.0,汉邦高科,北京,IT设备,20150422.0
300443.SZ,300443.0,金雷股份,山东,电气设备,20150422.0
300424.SZ,300424.0,航新科技,广东,航空,20150422.0
300447.SZ,300447.0,全信股份,江苏,电气设备,20150422.0
300439.SZ,300439.0,美康生物,浙江,医疗保健,20150422.0
300444.SZ,300444.0,双杰电气,北京,电气设备,20150423.0
300437.SZ,300437.0,清水源,河南,化工原料,20150423.0
300441.SZ,300441.0,鲍斯股份,浙江,机床制造,20150423.0
300440.SZ,300440.0,运达科技,四川,软件服务,20150423.0
300446.SZ,300446.0,航天智造,河北,汽车配件,20150423.0
300445.SZ,300445.0,康斯特,北京,电器仪表,20150424.0
300438.SZ,300438.0,鹏辉能源,广东,电气设备,20150424.0
300448.SZ,300448.0,浩云科技,广东,软件服务,20150424.0
300404.SZ,300404.0,博济医药,广东,医疗保健,20150424.0
300442.SZ,300442.0,润泽科技,河北,软件服务,20150424.0
300434.SZ,300434.0,金石亚药,四川,化学制药,20150424.0
300414.SZ,300414.0,中光防雷,四川,通信设备,20150513.0
300456.SZ,300456.0,赛微电子,北京,半导体,20150514.0
300457.SZ,300457.0,赢合科技,深圳,专用机械,20150514.0
300451.SZ,300451.0,创业慧康,浙江,软件服务,20150514.0
300452.SZ,300452.0,山河药辅,安徽,化学制药,20150515.0
300455.SZ,300455.0,航天智装,北京,IT设备,20150515.0
300453.SZ,300453.0,三鑫医疗,江西,医疗保健,20150515.0
300459.SZ,300459.0,汤姆猫,浙江,互联网,20150515.0
300458.SZ,300458.0,全志科技,广东,半导体,20150515.0
300450.SZ,300450.0,先导智能,江苏,专用机械,20150518.0
300461.SZ,300461.0,田中精机,浙江,专用机械,20150519.0
300467.SZ,300467.0,迅游科技,四川,互联网,20150527.0
300468.SZ,300468.0,四方精创,深圳,软件服务,20150527.0
300463.SZ,300463.0,迈克生物,四川,医疗保健,20150528.0
300466.SZ,300466.0,赛摩智能,江苏,电器仪表,20150528.0
300465.SZ,300465.0,高伟达,北京,软件服务,20150528.0
300475.SZ,300475.0,香农芯创,安徽,元器件,20150610.0
300464.SZ,300464.0,星徽股份,广东,机械基件,20150610.0
300478.SZ,300478.0,杭州高新,浙江,塑料,20150610.0
300476.SZ,300476.0,胜宏科技,广东,元器件,20150611.0
300469.SZ,300469.0,信息发展,浙江,软件服务,20150611.0
300471.SZ,300471.0,厚普股份,四川,专用机械,20150611.0
300479.SZ,300479.0,神思电子,山东,软件服务,20150612.0
300470.SZ,300470.0,中密控股,四川,机械基件,20150612.0
300473.SZ,300473.0,德尔股份,辽宁,汽车配件,20150612.0
300485.SZ,300485.0,赛升药业,北京,生物制药,20150626.0
300483.SZ,300483.0,首华燃气,上海,石油开采,20150630.0
300486.SZ,300486.0,东杰智能,山西,专用机械,20150630.0
300482.SZ,300482.0,万孚生物,广东,医疗保健,20150630.0
300481.SZ,300481.0,濮阳惠成,河南,化工原料,20150630.0
300489.SZ,300489.0,光智科技,浙江,专用机械,20150701.0
300488.SZ,300488.0,恒锋工具,浙江,机械基件,20150701.0
300480.SZ,300480.0,光力科技,河南,专用机械,20150702.0
300487.SZ,300487.0,蓝晓科技,陕西,化工原料,20150702.0
300498.SZ,300498.0,温氏股份,广东,农业综合,20151102.0
300496.SZ,300496.0,中科创达,北京,软件服务,20151210.0
300493.SZ,300493.0,润欣科技,上海,元器件,20151210.0
300497.SZ,300497.0,富祥药业,江西,化学制药,20151222.0
300492.SZ,300492.0,华图山鼎,四川,文教休闲,20151223.0
300491.SZ,300491.0,通合科技,河北,电气设备,20151231.0
300490.SZ,300490.0,华自科技,湖南,专用机械,20151231.0
300494.SZ,300494.0,盛天网络,湖北,互联网,20151231.0
300499.SZ,300499.0,高澜股份,广东,专用机械,20160202.0
300501.SZ,300501.0,海顺新材,上海,广告包装,20160204.0
300500.SZ,300500.0,启迪设计,江苏,建筑工程,20160204.0
300502.SZ,300502.0,新易盛,四川,通信设备,20160303.0
300503.SZ,300503.0,昊志机电,广东,机械基件,20160309.0
300505.SZ,300505.0,川金诺,云南,农药化肥,20160315.0
300484.SZ,300484.0,蓝海华腾,深圳,电气设备,20160322.0
300474.SZ,300474.0,景嘉微,湖南,元器件,20160331.0
300508.SZ,300508.0,维宏股份,上海,软件服务,20160419.0
300509.SZ,300509.0,新美星,江苏,专用机械,20160425.0
300507.SZ,300507.0,苏奥传感,江苏,汽车配件,20160429.0
300511.SZ,300511.0,雪榕生物,上海,种植业,20160504.0
300510.SZ,300510.0,金冠股份,吉林,电气设备,20160506.0
300512.SZ,300512.0,中亚股份,浙江,专用机械,20160526.0
300513.SZ,300513.0,恒实科技,北京,软件服务,20160530.0
300516.SZ,300516.0,久之洋,湖北,电器仪表,20160602.0
300515.SZ,300515.0,三德科技,湖南,电器仪表,20160608.0
300519.SZ,300519.0,新光药业,浙江,中成药,20160624.0
300518.SZ,300518.0,新迅达,广西,互联网,20160624.0
300521.SZ,300521.0,爱司凯,广东,专用机械,20160705.0
300522.SZ,300522.0,世名科技,江苏,染料涂料,20160705.0
300520.SZ,300520.0,科大国创,安徽,软件服务,20160708.0
300517.SZ,300517.0,海波重科,湖北,建筑工程,20160719.0
300523.SZ,300523.0,辰安科技,北京,软件服务,20160726.0
300525.SZ,300525.0,博思软件,福建,软件服务,20160726.0
300529.SZ,300529.0,健帆生物,广东,医疗保健,20160802.0
300528.SZ,300528.0,幸福蓝海,江苏,影视音像,20160808.0
300530.SZ,300530.0,领湃科技,湖南,电气设备,20160809.0
300531.SZ,300531.0,优博讯,深圳,IT设备,20160809.0
300535.SZ,300535.0,达威股份,四川,化工原料,20160812.0
300532.SZ,300532.0,今天国际,深圳,软件服务,20160818.0
300533.SZ,300533.0,冰川网络,深圳,互联网,20160818.0
300540.SZ,300540.0,蜀道装备,四川,专用机械,20160823.0
300538.SZ,300538.0,同益股份,深圳,塑料,20160826.0
300537.SZ,300537.0,广信材料,江苏,染料涂料,20160830.0
300539.SZ,300539.0,横河精密,浙江,塑料,20160830.0
300543.SZ,300543.0,朗科智能,深圳,元器件,20160908.0
300534.SZ,300534.0,陇神戎发,甘肃,中成药,20160913.0
300541.SZ,300541.0,先进数通,北京,软件服务,20160913.0
300536.SZ,300536.0,农尚环境,湖北,建筑工程,20160920.0
300542.SZ,300542.0,新晨科技,北京,软件服务,20160920.0
300546.SZ,300546.0,雄帝科技,深圳,IT设备,20160928.0
300545.SZ,300545.0,联得装备,深圳,专用机械,20160928.0
300547.SZ,300547.0,川环科技,四川,汽车配件,20160930.0
300549.SZ,300549.0,优德精密,江苏,专用机械,20160930.0
300548.SZ,300548.0,长芯博创,浙江,通信设备,20161012.0
300550.SZ,300550.0,和仁科技,浙江,软件服务,20161018.0
300551.SZ,300551.0,古鳌科技,上海,软件服务,20161018.0
300552.SZ,300552.0,万集科技,北京,IT设备,20161021.0
300553.SZ,300553.0,集智股份,浙江,电器仪表,20161021.0
300559.SZ,300559.0,佳发教育,四川,软件服务,20161101.0
300560.SZ,300560.0,中富通,福建,通信设备,20161101.0
300557.SZ,300557.0,理工光科,湖北,电器仪表,20161101.0
300556.SZ,300556.0,丝路视觉,深圳,软件服务,20161104.0
300558.SZ,300558.0,贝达药业,浙江,化学制药,20161107.0
300563.SZ,300563.0,神宇股份,江苏,通信设备,20161114.0
300566.SZ,300566.0,激智科技,浙江,元器件,20161115.0
300562.SZ,300562.0,乐心医疗,广东,医疗保健,20161116.0
300565.SZ,300565.0,科信技术,深圳,通信设备,20161122.0
300567.SZ,300567.0,精测电子,湖北,电器仪表,20161122.0
300569.SZ,300569.0,天能重工,山东,电气设备,20161125.0
300568.SZ,300568.0,星源材质,深圳,化工原料,20161201.0
300572.SZ,300572.0,安车检测,深圳,电器仪表,20161206.0
300570.SZ,300570.0,太辰光,深圳,通信设备,20161206.0
300573.SZ,300573.0,兴齐眼药,辽宁,化学制药,20161208.0
300571.SZ,300571.0,平治信息,浙江,互联网,20161213.0
300575.SZ,300575.0,中旗股份,江苏,农药化肥,20161220.0
300581.SZ,300581.0,晨曦航空,陕西,航空,20161220.0
300576.SZ,300576.0,容大感光,深圳,染料涂料,20161220.0
300577.SZ,300577.0,开润股份,安徽,纺织,20161221.0
300579.SZ,300579.0,数字认证,北京,软件服务,20161223.0
300582.SZ,300582.0,英飞特,浙江,元器件,20161228.0
300585.SZ,300585.0,奥联电子,江苏,汽车配件,20161229.0
300586.SZ,300586.0,美联新材,广东,化工原料,20170104.0
300587.SZ,300587.0,天铁科技,浙江,橡胶,20170105.0
300588.SZ,300588.0,熙菱信息,新疆,IT设备,20170105.0
300583.SZ,300583.0,赛托生物,山东,化学制药,20170106.0
300591.SZ,300591.0,万里马,广东,服饰,20170110.0
300580.SZ,300580.0,贝斯特,江苏,汽车配件,20170111.0
300590.SZ,300590.0,移为通信,上海,通信设备,20170111.0
300584.SZ,300584.0,海辰药业,江苏,化学制药,20170112.0
300593.SZ,300593.0,新雷能,北京,电气设备,20170113.0
300589.SZ,300589.0,江龙船艇,广东,船舶,20170113.0
300595.SZ,300595.0,欧普康视,安徽,医疗保健,20170117.0
300596.SZ,300596.0,利安隆,天津,化工原料,20170119.0
300598.SZ,300598.0,诚迈科技,江苏,软件服务,20170120.0
300592.SZ,300592.0,华凯易佰,湖南,互联网,20170120.0
300597.SZ,300597.0,吉大通信,吉林,通信设备,20170123.0
300599.SZ,300599.0,雄塑科技,广东,塑料,20170123.0
300600.SZ,300600.0,国瑞科技,江苏,船舶,20170125.0
300578.SZ,300578.0,会畅科技,上海,通信设备,20170125.0
300602.SZ,300602.0,飞荣达,深圳,元器件,20170126.0
300603.SZ,300603.0,立昂技术,新疆,通信设备,20170126.0
300601.SZ,300601.0,康泰生物,深圳,生物制药,20170207.0
300606.SZ,300606.0,金太阳,广东,机械基件,20170208.0
300605.SZ,300605.0,恒锋信息,福建,软件服务,20170208.0
300607.SZ,300607.0,拓斯达,广东,专用机械,20170209.0
300610.SZ,300610.0,晨化股份,江苏,化工原料,20170213.0
300608.SZ,300608.0,思特奇,北京,软件服务,20170213.0
300615.SZ,300615.0,欣天科技,深圳,通信设备,20170215.0
300612.SZ,300612.0,宣亚国际,北京,广告包装,20170215.0
300609.SZ,300609.0,汇纳科技,上海,软件服务,20170215.0
300613.SZ,300613.0,富瀚微,上海,半导体,20170220.0
300611.SZ,300611.0,美力科技,浙江,汽车配件,20170220.0
300617.SZ,300617.0,安靠智电,江苏,电气设备,20170228.0
300619.SZ,300619.0,金银河,广东,专用机械,20170301.0
300618.SZ,300618.0,寒锐钴业,江苏,小金属,20170306.0
300616.SZ,300616.0,尚品宅配,广东,家居用品,20170307.0
300620.SZ,300620.0,光库科技,广东,通信设备,20170310.0
300623.SZ,300623.0,捷捷微电,江苏,半导体,20170314.0
300622.SZ,300622.0,博士眼镜,深圳,其他商业,20170315.0
300621.SZ,300621.0,维业股份,深圳,装修装饰,20170316.0
300625.SZ,300625.0,三雄极光,广东,家用电器,20170317.0
300628.SZ,300628.0,亿联网络,福建,通信设备,20170317.0
300626.SZ,300626.0,华瑞股份,浙江,电气设备,20170320.0
300627.SZ,300627.0,华测导航,上海,通信设备,20170321.0
300631.SZ,300631.0,久吾高科,江苏,环境保护,20170323.0
300629.SZ,300629.0,新劲刚,广东,元器件,20170324.0
300635.SZ,300635.0,中达安,广东,建筑工程,20170331.0
300636.SZ,300636.0,同和药业,江西,化学制药,20170331.0
300633.SZ,300633.0,开立医疗,深圳,医疗保健,20170406.0
300632.SZ,300632.0,光莆股份,福建,半导体,20170406.0
300639.SZ,300639.0,凯普生物,广东,医疗保健,20170412.0
300637.SZ,300637.0,扬帆新材,浙江,化工原料,20170412.0
300638.SZ,300638.0,广和通,深圳,通信设备,20170413.0
300604.SZ,300604.0,长川科技,浙江,半导体,20170417.0
300640.SZ,300640.0,德艺文创,福建,家居用品,20170417.0
300641.SZ,300641.0,正丹股份,江苏,化工原料,20170418.0
300645.SZ,300645.0,正元智慧,浙江,软件服务,20170421.0
300642.SZ,300642.0,透景生命,上海,医疗保健,20170421.0
300554.SZ,300554.0,三超新材,江苏,矿物制品,20170421.0
300648.SZ,300648.0,星云股份,福建,电气设备,20170425.0
300514.SZ,300514.0,友讯达,深圳,电器仪表,20170426.0
300647.SZ,300647.0,超频三,深圳,化工原料,20170503.0
300650.SZ,300650.0,太龙股份,福建,元器件,20170503.0
300643.SZ,300643.0,万通智控,浙江,汽车配件,20170505.0
300649.SZ,300649.0,杭州园林,浙江,建筑工程,20170505.0
300651.SZ,300651.0,金陵体育,江苏,文教休闲,20170509.0
300652.SZ,300652.0,雷迪克,浙江,汽车配件,20170516.0
300653.SZ,300653.0,正海生物,山东,医疗保健,20170516.0
300656.SZ,300656.0,民德电子,深圳,IT设备,20170519.0
300657.SZ,300657.0,弘信电子,福建,元器件,20170523.0
300655.SZ,300655.0,晶瑞电材,江苏,半导体,20170523.0
300659.SZ,300659.0,中孚信息,山东,IT设备,20170526.0
300658.SZ,300658.0,延江股份,福建,纺织,20170602.0
300660.SZ,300660.0,江苏雷利,江苏,电气设备,20170602.0
300661.SZ,300661.0,圣邦股份,北京,半导体,20170606.0
300662.SZ,300662.0,科锐国际,北京,文教休闲,20170608.0
300663.SZ,300663.0,科蓝软件,北京,软件服务,20170608.0
300665.SZ,300665.0,飞鹿股份,湖南,染料涂料,20170613.0
300666.SZ,300666.0,江丰电子,浙江,半导体,20170615.0
300667.SZ,300667.0,必创科技,北京,电器仪表,20170619.0
300668.SZ,300668.0,杰恩股份,深圳,装修装饰,20170619.0
300669.SZ,300669.0,沪宁股份,浙江,运输设备,20170629.0
300670.SZ,300670.0,大烨智能,江苏,电气设备,20170703.0
300671.SZ,300671.0,富满微,深圳,半导体,20170705.0
300673.SZ,300673.0,佩蒂股份,浙江,饲料,20170711.0
300672.SZ,300672.0,国科微,湖南,半导体,20170712.0
300676.SZ,300676.0,华大基因,深圳,医疗保健,20170714.0
300675.SZ,300675.0,建科院,深圳,建筑工程,20170719.0
300677.SZ,300677.0,英科医疗,山东,医疗保健,20170721.0
300680.SZ,300680.0,隆盛科技,江苏,汽车配件,20170725.0
300681.SZ,300681.0,英搏尔,广东,汽车配件,20170725.0
300678.SZ,300678.0,中科信息,四川,软件服务,20170728.0
300679.SZ,300679.0,电连技术,深圳,元器件,20170731.0
300682.SZ,300682.0,朗新科技,江苏,软件服务,20170801.0
300685.SZ,300685.0,艾德生物,福建,医疗保健,20170802.0
300687.SZ,300687.0,赛意信息,广东,软件服务,20170803.0
300686.SZ,300686.0,智动力,深圳,元器件,20170804.0
300690.SZ,300690.0,双一科技,山东,电气设备,20170808.0
300683.SZ,300683.0,海特生物,湖北,生物制药,20170808.0
300689.SZ,300689.0,澄天伟业,深圳,通信设备,20170809.0
300688.SZ,300688.0,创业黑马,北京,文教休闲,20170810.0
300691.SZ,300691.0,联合光电,广东,元器件,20170811.0
300692.SZ,300692.0,中赋科技,安徽,环境保护,20170821.0
300693.SZ,300693.0,盛弘股份,深圳,电气设备,20170822.0
300696.SZ,300696.0,爱乐达,四川,航空,20170822.0
300698.SZ,300698.0,万马科技,浙江,通信设备,20170831.0
300699.SZ,300699.0,光威复材,山东,化纤,20170901.0
300697.SZ,300697.0,电工合金,江苏,铜,20170907.0
300695.SZ,300695.0,兆丰股份,浙江,汽车配件,20170908.0
300700.SZ,300700.0,岱勒新材,湖南,矿物制品,20170912.0
300701.SZ,300701.0,森霸传感,河南,元器件,20170915.0
300703.SZ,300703.0,创源股份,浙江,文教休闲,20170919.0
300702.SZ,300702.0,天宇股份,浙江,化学制药,20170919.0
300706.SZ,300706.0,阿石创,福建,元器件,20170926.0
300654.SZ,300654.0,世纪天鸿,山东,出版业,20170926.0
300707.SZ,300707.0,威唐工业,江苏,汽车配件,20171010.0
300705.SZ,300705.0,九典制药,湖南,化学制药,20171010.0
300708.SZ,300708.0,聚灿光电,江苏,半导体,20171016.0
300709.SZ,300709.0,精研科技,江苏,元器件,20171019.0
300710.SZ,300710.0,万隆光电,浙江,通信设备,20171019.0
300715.SZ,300715.0,凯伦股份,江苏,其他建材,20171026.0
300712.SZ,300712.0,永福股份,福建,建筑工程,20171031.0
300713.SZ,300713.0,英可瑞,深圳,电气设备,20171101.0
300711.SZ,300711.0,广哈通信,广东,通信设备,20171101.0
300720.SZ,300720.0,海川智能,广东,电器仪表,20171106.0
300717.SZ,300717.0,华信新材,江苏,塑料,20171106.0
300718.SZ,300718.0,长盛轴承,浙江,机械基件,20171106.0
300719.SZ,300719.0,安达维尔,北京,航空,20171109.0
300722.SZ,300722.0,新余国科,江西,航空,20171110.0
300725.SZ,300725.0,药石科技,江苏,化学制药,20171110.0
300721.SZ,300721.0,怡达股份,江苏,化工原料,20171115.0
300723.SZ,300723.0,一品红,广东,化学制药,20171116.0
300726.SZ,300726.0,宏达电子,湖南,元器件,20171121.0
300727.SZ,300727.0,润禾材料,浙江,化工原料,20171127.0
300729.SZ,300729.0,乐歌股份,浙江,家居用品,20171201.0
300730.SZ,300730.0,科创信息,湖南,软件服务,20171205.0
300731.SZ,300731.0,科创新源,深圳,橡胶,20171208.0
300732.SZ,300732.0,设研院,河南,建筑工程,20171212.0
300684.SZ,300684.0,中石科技,北京,元器件,20171227.0
300735.SZ,300735.0,光弘科技,广东,元器件,20171229.0
300664.SZ,300664.0,鹏鹞环保,江苏,环境保护,20180105.0
300736.SZ,300736.0,百邦科技,北京,通信设备,20180109.0
300733.SZ,300733.0,西菱动力,四川,汽车配件,20180116.0
300624.SZ,300624.0,万兴科技,西藏,软件服务,20180118.0
300738.SZ,300738.0,奥飞数据,广东,软件服务,20180119.0
300737.SZ,300737.0,科顺股份,广东,其他建材,20180125.0
300739.SZ,300739.0,明阳电路,深圳,元器件,20180201.0
300644.SZ,300644.0,南京聚隆,江苏,塑料,20180206.0
300740.SZ,300740.0,水羊股份,湖南,日用化工,20180208.0
300741.SZ,300741.0,华宝股份,西藏,食品,20180301.0
300634.SZ,300634.0,彩讯股份,深圳,软件服务,20180323.0
300504.SZ,300504.0,天邑股份,四川,通信设备,20180330.0
300743.SZ,300743.0,天地数码,浙江,IT设备,20180427.0
300454.SZ,300454.0,深信服,深圳,软件服务,20180516.0
300745.SZ,300745.0,欣锐科技,深圳,汽车配件,20180523.0
300746.SZ,300746.0,汉嘉数智,浙江,建筑工程,20180525.0
300750.SZ,300750.0,宁德时代,福建,电气设备,20180611.0
300747.SZ,300747.0,锐科激光,湖北,专用机械,20180625.0
300724.SZ,300724.0,捷佳伟创,深圳,专用机械,20180810.0
300748.SZ,300748.0,金力永磁,江西,矿物制品,20180921.0
300749.SZ,300749.0,顶固集创,广东,家居用品,20180925.0
300694.SZ,300694.0,蠡湖股份,江苏,汽车配件,20181015.0
300760.SZ,300760.0,迈瑞医疗,深圳,医疗保健,20181016.0
300674.SZ,300674.0,宇信科技,北京,软件服务,20181107.0
300751.SZ,300751.0,迈为股份,江苏,专用机械,20181109.0
300752.SZ,300752.0,隆利科技,深圳,元器件,20181130.0
300753.SZ,300753.0,爱朋医疗,江苏,医疗保健,20181213.0
300756.SZ,300756.0,金马游乐,广东,专用机械,20181228.0
300757.SZ,300757.0,罗博特科,江苏,专用机械,20190108.0
300759.SZ,300759.0,康龙化成,北京,化学制药,20190128.0
300755.SZ,300755.0,华致酒行,云南,其他商业,20190129.0
300761.SZ,300761.0,立华股份,江苏,农业综合,20190218.0
300758.SZ,300758.0,七彩化学,辽宁,染料涂料,20190222.0
300762.SZ,300762.0,上海瀚讯,上海,通信设备,20190314.0
300763.SZ,300763.0,锦浪科技,浙江,电气设备,20190319.0
300765.SZ,300765.0,新诺威,河北,食品,20190322.0
300766.SZ,300766.0,每日互动,浙江,互联网,20190325.0
300767.SZ,300767.0,震安科技,云南,橡胶,20190329.0
300768.SZ,300768.0,迪普科技,浙江,软件服务,20190412.0
300769.SZ,300769.0,德方纳米,深圳,化工原料,20190415.0
300770.SZ,300770.0,新媒股份,广东,影视音像,20190419.0
300771.SZ,300771.0,智莱科技,深圳,IT设备,20190422.0
300773.SZ,300773.0,拉卡拉,北京,软件服务,20190425.0
300772.SZ,300772.0,运达股份,浙江,电气设备,20190426.0
300778.SZ,300778.0,新城市,深圳,建筑工程,20190510.0
300777.SZ,300777.0,中简科技,江苏,化纤,20190516.0
300776.SZ,300776.0,帝尔激光,湖北,专用机械,20190517.0
300775.SZ,300775.0,三角防务,陕西,航空,20190521.0
300779.SZ,300779.0,惠城环保,山东,环境保护,20190522.0
300780.SZ,300780.0,德恩精工,四川,机械基件,20190531.0
300781.SZ,300781.0,因赛集团,广东,广告包装,20190606.0
300782.SZ,300782.0,卓胜微,江苏,半导体,20190618.0
300594.SZ,300594.0,朗进科技,山东,运输设备,20190621.0
300788.SZ,300788.0,中信出版,北京,出版业,20190705.0
300783.SZ,300783.0,三只松鼠,安徽,食品,20190712.0
300785.SZ,300785.0,值得买,北京,互联网,20190715.0
688005.SH,688005.0,容百科技,浙江,电气设备,20190722.0
688002.SH,688002.0,睿创微纳,山东,通信设备,20190722.0
688007.SH,688007.0,光峰科技,深圳,元器件,20190722.0
688088.SH,688088.0,虹软科技,浙江,软件服务,20190722.0
688001.SH,688001.0,华兴源创,江苏,专用机械,20190722.0
688010.SH,688010.0,福光股份,福建,元器件,20190722.0
688015.SH,688015.0,交控科技,北京,运输设备,20190722.0
688011.SH,688011.0,新光光电,黑龙江,元器件,20190722.0
688019.SH,688019.0,安集科技,上海,半导体,20190722.0
688012.SH,688012.0,中微公司,上海,半导体,20190722.0
688008.SH,688008.0,澜起科技,上海,半导体,20190722.0
688003.SH,688003.0,天准科技,江苏,专用机械,20190722.0
688018.SH,688018.0,乐鑫科技,上海,半导体,20190722.0
688022.SH,688022.0,瀚川智能,江苏,专用机械,20190722.0
688333.SH,688333.0,铂力特,陕西,机械基件,20190722.0
688016.SH,688016.0,心脉医疗,上海,医疗保健,20190722.0
688066.SH,688066.0,航天宏图,北京,软件服务,20190722.0
688033.SH,688033.0,天宜新材,北京,电气设备,20190722.0
688028.SH,688028.0,沃尔德,北京,机械基件,20190722.0
688388.SH,688388.0,嘉元科技,广东,电气设备,20190722.0
688122.SH,688122.0,西部超导,陕西,小金属,20190722.0
688009.SH,688009.0,中国通号,北京,运输设备,20190722.0
688006.SH,688006.0,杭可科技,浙江,电气设备,20190722.0
688020.SH,688020.0,方邦股份,广东,元器件,20190722.0
688029.SH,688029.0,南微医学,江苏,医疗保健,20190722.0
300786.SZ,300786.0,国林科技,山东,环境保护,20190723.0
688099.SH,688099.0,晶晨股份,上海,半导体,20190808.0
688188.SH,688188.0,柏楚电子,上海,专用机械,20190808.0
688321.SH,688321.0,微芯生物,深圳,化学制药,20190812.0
300787.SZ,300787.0,海能实业,江西,元器件,20190815.0
300789.SZ,300789.0,唐源电气,四川,运输设备,20190828.0
688168.SH,688168.0,安博通,北京,软件服务,20190906.0
300790.SZ,300790.0,宇瞳光学,广东,元器件,20190920.0
300791.SZ,300791.0,仙乐健康,广东,医疗保健,20190925.0
688116.SH,688116.0,天奈科技,江苏,化工原料,20190925.0
300792.SZ,300792.0,壹网壹创,浙江,互联网,20190927.0
688036.SH,688036.0,传音控股,深圳,通信设备,20190930.0
688068.SH,688068.0,热景生物,北京,医疗保健,20190930.0
688030.SH,688030.0,山石网科,江苏,软件服务,20190930.0
688368.SH,688368.0,晶丰明源,上海,半导体,20191014.0
300793.SZ,300793.0,佳禾智能,广东,IT设备,20191018.0
300795.SZ,300795.0,米奥会展,浙江,文教休闲,20191022.0
688139.SH,688139.0,海尔生物,山东,医疗保健,20191025.0
688098.SH,688098.0,申联生物,上海,农业综合,20191028.0
688108.SH,688108.0,赛诺医疗,天津,医疗保健,20191030.0
688366.SH,688366.0,昊海生科,上海,医疗保健,20191030.0
688025.SH,688025.0,杰普特,深圳,专用机械,20191031.0
688369.SH,688369.0,致远互联,北京,软件服务,20191031.0
300797.SZ,300797.0,钢研纳克,北京,电器仪表,20191101.0
688058.SH,688058.0,宝兰德,北京,软件服务,20191101.0
688023.SH,688023.0,安恒信息,浙江,软件服务,20191105.0
688389.SH,688389.0,普门科技,深圳,医疗保健,20191105.0
688199.SH,688199.0,久日新材,天津,化工原料,20191105.0
688202.SH,688202.0,美迪西,上海,医疗保健,20191105.0
688128.SH,688128.0,中国电研,广东,专用机械,20191105.0
300800.SZ,300800.0,力合科技,湖南,环境保护,20191106.0
688288.SH,688288.0,鸿泉技术,浙江,IT设备,20191106.0
688363.SH,688363.0,华熙生物,山东,医疗保健,20191106.0
688299.SH,688299.0,长阳科技,浙江,元器件,20191106.0
688021.SH,688021.0,奥福科技,山东,汽车配件,20191106.0
300564.SZ,300564.0,筑博设计,西藏,建筑工程,20191108.0
688166.SH,688166.0,博瑞医药,江苏,化学制药,20191108.0
300802.SZ,300802.0,矩子科技,上海,专用机械,20191114.0
300796.SZ,300796.0,贝斯美,浙江,农药化肥,20191115.0
688300.SH,688300.0,联瑞新材,江苏,矿物制品,20191115.0
688101.SH,688101.0,三达膜,陕西,环境保护,20191115.0
300803.SZ,300803.0,指南针,北京,软件服务,20191118.0
688111.SH,688111.0,金山办公,北京,软件服务,20191118.0
688138.SH,688138.0,清溢光电,深圳,半导体,20191120.0
300805.SZ,300805.0,电声股份,广东,广告包装,20191121.0
688196.SH,688196.0,卓越新能,福建,环境保护,20191121.0
300798.SZ,300798.0,锦鸡股份,江苏,染料涂料,20191122.0
300806.SZ,300806.0,斯迪克,江苏,塑料,20191125.0
300801.SZ,300801.0,泰和科技,山东,化工原料,20191128.0
300808.SZ,300808.0,久量股份,湖北,家用电器,20191129.0
688358.SH,688358.0,祥生医疗,江苏,医疗保健,20191203.0
688310.SH,688310.0,迈得医疗,浙江,医疗保健,20191203.0
300809.SZ,300809.0,华辰装备,江苏,机床制造,20191204.0
688357.SH,688357.0,建龙微纳,河南,化工原料,20191204.0
688118.SH,688118.0,普元信息,上海,软件服务,20191204.0
688399.SH,688399.0,硕世生物,江苏,医疗保健,20191205.0
300810.SZ,300810.0,中科海讯,北京,船舶,20191206.0
688258.SH,688258.0,卓易信息,江苏,软件服务,20191209.0
688198.SH,688198.0,佰仁医疗,北京,医疗保健,20191209.0
688218.SH,688218.0,江苏北人,江苏,专用机械,20191211.0
688039.SH,688039.0,当虹科技,浙江,软件服务,20191211.0
688037.SH,688037.0,芯源微,辽宁,半导体,20191216.0
300807.SZ,300807.0,天迈科技,河南,软件服务,20191219.0
688089.SH,688089.0,嘉必优,湖北,食品,20191219.0
688123.SH,688123.0,聚辰股份,上海,半导体,20191223.0
688268.SH,688268.0,华特气体,广东,化工原料,20191226.0
300811.SZ,300811.0,铂科新材,深圳,矿物制品,20191230.0
688078.SH,688078.0,龙软科技,北京,软件服务,20191230.0
688181.SH,688181.0,八亿时空,北京,元器件,20200106.0
688081.SH,688081.0,兴图新科,湖北,软件服务,20200106.0
300812.SZ,300812.0,易天股份,深圳,专用机械,20200109.0
300813.SZ,300813.0,泰林生物,浙江,医疗保健,20200114.0
688178.SH,688178.0,万德斯,江苏,环境保护,20200114.0
688278.SH,688278.0,特宝生物,福建,生物制药,20200117.0
688158.SH,688158.0,优刻得-W,上海,软件服务,20200120.0
688100.SH,688100.0,威胜信息,湖南,通信设备,20200121.0
688026.SH,688026.0,洁特生物,广东,医疗保健,20200122.0
300815.SZ,300815.0,玉禾田,安徽,环境保护,20200123.0
688159.SH,688159.0,有方科技,深圳,通信设备,20200123.0
688266.SH,688266.0,泽璟制药-U,江苏,生物制药,20200123.0
688298.SH,688298.0,东方生物,浙江,医疗保健,20200205.0
300816.SZ,300816.0,艾可蓝,安徽,汽车配件,20200210.0
688186.SH,688186.0,广大特材,江苏,特种钢,20200211.0
688398.SH,688398.0,赛特新材,福建,矿物制品,20200211.0
300818.SZ,300818.0,耐普矿机,江西,专用机械,20200212.0
688080.SH,688080.0,映翰通,北京,通信设备,20200212.0
300820.SZ,300820.0,英杰电气,四川,电气设备,20200213.0
688208.SH,688208.0,道通科技,深圳,IT设备,20200213.0
688090.SH,688090.0,瑞松科技,广东,专用机械,20200217.0
300817.SZ,300817.0,双飞集团,浙江,机械基件,20200218.0
688200.SH,688200.0,华峰测控,北京,半导体,20200218.0
688169.SH,688169.0,石头科技,北京,家用电器,20200221.0
688233.SH,688233.0,神工股份,辽宁,半导体,20200221.0
688177.SH,688177.0,百奥泰,广东,生物制药,20200221.0
688396.SH,688396.0,华润微,江苏,半导体,20200227.0
300819.SZ,300819.0,聚杰微纤,江苏,纺织,20200312.0
300821.SZ,300821.0,东岳硅材,山东,化工原料,20200312.0
300822.SZ,300822.0,贝仕达克,深圳,元器件,20200313.0
300823.SZ,300823.0,建科智能,天津,专用机械,20200319.0
688051.SH,688051.0,佳华科技,北京,软件服务,20200320.0
688189.SH,688189.0,南新制药,湖南,化学制药,20200326.0
300825.SZ,300825.0,阿尔特,北京,汽车服务,20200327.0
688228.SH,688228.0,开普云,广东,软件服务,20200327.0
300826.SZ,300826.0,测绘股份,江苏,建筑工程,20200403.0
688085.SH,688085.0,三友医疗,上海,医疗保健,20200409.0
688096.SH,688096.0,京源环保,江苏,环境保护,20200409.0
300827.SZ,300827.0,上能电气,江苏,电气设备,20200410.0
688222.SH,688222.0,成都先导,四川,化学制药,20200416.0
688126.SH,688126.0,沪硅产业,上海,半导体,20200420.0
300828.SZ,300828.0,锐新科技,天津,机械基件,20200421.0
300829.SZ,300829.0,金丹科技,河南,食品,20200422.0
688318.SH,688318.0,财富趋势,深圳,软件服务,20200427.0
688365.SH,688365.0,光云科技,浙江,软件服务,20200429.0
300830.SZ,300830.0,金现代,山东,软件服务,20200506.0
300831.SZ,300831.0,派瑞股份,陕西,半导体,20200507.0
688466.SH,688466.0,金科环境,北京,环境保护,20200508.0
688588.SH,688588.0,凌志软件,江苏,软件服务,20200511.0
300832.SZ,300832.0,新产业,深圳,医疗保健,20200512.0
688566.SH,688566.0,吉贝尔,江苏,化学制药,20200518.0
688598.SH,688598.0,金博股份,湖南,矿物制品,20200518.0
300833.SZ,300833.0,浩洋股份,广东,专用机械,20200520.0
688516.SH,688516.0,奥特维,江苏,专用机械,20200521.0
300835.SZ,300835.0,龙磁科技,安徽,矿物制品,20200525.0
300836.SZ,300836.0,佰奥智能,江苏,专用机械,20200528.0
688360.SH,688360.0,德马科技,浙江,机械基件,20200602.0
300837.SZ,300837.0,浙矿股份,浙江,专用机械,20200605.0
300838.SZ,300838.0,浙江力诺,浙江,机械基件,20200608.0
688312.SH,688312.0,燕麦科技,深圳,专用机械,20200608.0
688157.SH,688157.0,松井股份,湖南,染料涂料,20200609.0
688599.SH,688599.0,天合光能,江苏,电气设备,20200610.0
688004.SH,688004.0,博汇科技,北京,软件服务,20200612.0
300841.SZ,300841.0,康华生物,四川,生物制药,20200616.0
688106.SH,688106.0,金宏气体,江苏,化工原料,20200616.0
300842.SZ,300842.0,帝科股份,江苏,电气设备,20200618.0
300824.SZ,300824.0,北鼎股份,深圳,家用电器,20200619.0
688505.SH,688505.0,复旦张江,上海,化学制药,20200619.0
688518.SH,688518.0,联赢激光,深圳,专用机械,20200622.0
688520.SH,688520.0,神州细胞,北京,生物制药,20200622.0
300839.SZ,300839.0,博汇股份,浙江,石油加工,20200630.0
688558.SH,688558.0,国盛智科,江苏,机床制造,20200630.0
300846.SZ,300846.0,首都在线,北京,软件服务,20200701.0
688528.SH,688528.0,秦川物联,四川,电器仪表,20200701.0
300843.SZ,300843.0,胜蓝股份,广东,元器件,20200702.0
300845.SZ,300845.0,捷安高科,河南,软件服务,20200703.0
688600.SH,688600.0,皖仪科技,安徽,电器仪表,20200703.0
688277.SH,688277.0,天智航-U,北京,医疗保健,20200707.0
300840.SZ,300840.0,酷特智能,山东,服饰,20200708.0
688568.SH,688568.0,中科星图,北京,软件服务,20200708.0
688377.SH,688377.0,迪威尔,江苏,专用机械,20200708.0
300847.SZ,300847.0,中船汉光,河北,化工原料,20200709.0
688027.SH,688027.0,国盾量子,安徽,通信设备,20200709.0
300849.SZ,300849.0,锦盛新材,浙江,塑料,20200710.0
688060.SH,688060.0,云涌科技,江苏,IT设备,20200710.0
300850.SZ,300850.0,新强联,河南,机械基件,20200713.0
300852.SZ,300852.0,四会富仕,广东,元器件,20200713.0
688309.SH,688309.0,恒誉环保,山东,环境保护,20200714.0
688165.SH,688165.0,埃夫特-U,安徽,专用机械,20200715.0
688180.SH,688180.0,君实生物-U,上海,生物制药,20200715.0
688500.SH,688500.0,慧辰股份,北京,互联网,20200716.0
688981.SH,688981.0,中芯国际,上海,半导体,20200716.0
300851.SZ,300851.0,交大思诺,北京,运输设备,20200717.0
688579.SH,688579.0,地纬智能,山东,软件服务,20200717.0
688567.SH,688567.0,孚能科技,江西,电气设备,20200717.0
300848.SZ,300848.0,美瑞新材,山东,化工原料,20200720.0
688488.SH,688488.0,艾迪药业,江苏,生物制药,20200720.0
688256.SH,688256.0,寒武纪,北京,半导体,20200720.0
688580.SH,688580.0,伟思医疗,江苏,医疗保健,20200721.0
300856.SZ,300856.0,科思股份,江苏,日用化工,20200722.0
688069.SH,688069.0,德林海,江苏,环境保护,20200722.0
688336.SH,688336.0,三生国健,上海,生物制药,20200722.0
688418.SH,688418.0,震有科技,深圳,通信设备,20200722.0
688589.SH,688589.0,力合微,深圳,半导体,20200722.0
688077.SH,688077.0,大地熊,安徽,矿物制品,20200722.0
688508.SH,688508.0,芯朋微,江苏,半导体,20200722.0
688561.SH,688561.0,奇安信-U,北京,软件服务,20200722.0
300855.SZ,300855.0,图南股份,江苏,小金属,20200723.0
300853.SZ,300853.0,申昊科技,浙江,专用机械,20200724.0
300858.SZ,300858.0,科拓生物,北京,食品,20200727.0
300857.SZ,300857.0,协创数据,深圳,IT设备,20200727.0
920964.BJ,920964.0,润农节水,河北,建筑工程,20200727.0
920418.BJ,920418.0,苏轴股份,江苏,汽车配件,20200727.0
920198.BJ,920198.0,微创光电,湖北,IT设备,20200727.0
920149.BJ,920149.0,旭杰科技,江苏,建筑工程,20200727.0
920184.BJ,920184.0,国源科技,北京,软件服务,20200727.0
920185.BJ,920185.0,贝特瑞,深圳,化工原料,20200727.0
920163.BJ,920163.0,方大新材,河北,塑料,20200727.0
920729.BJ,920729.0,永顺生物,广东,农业综合,20200727.0
920640.BJ,920640.0,富士达,陕西,通信设备,20200727.0
920242.BJ,920242.0,建邦科技,山东,汽车配件,20200727.0
920167.BJ,920167.0,同享科技,江苏,小金属,20200727.0
920266.BJ,920266.0,生物谷,云南,中成药,20200727.0
920961.BJ,920961.0,创远信科,上海,电器仪表,20200727.0
920278.BJ,920278.0,鹿得医疗,江苏,医疗保健,20200727.0
920021.BJ,920021.0,流金科技,北京,影视音像,20200727.0
920415.BJ,920415.0,恒拓开源,河南,软件服务,20200727.0
920475.BJ,920475.0,三友科技,浙江,专用机械,20200727.0
920799.BJ,920799.0,艾融软件,上海,软件服务,20200727.0
920489.BJ,920489.0,佳先股份,安徽,化工原料,20200727.0
920946.BJ,920946.0,森萱医药,江苏,化学制药,20200727.0
920370.BJ,920370.0,新安洁,重庆,环境保护,20200727.0
920819.BJ,920819.0,颖泰生物,北京,农药化肥,20200727.0
920682.BJ,920682.0,球冠电缆,浙江,电气设备,20200727.0
920010.BJ,920010.0,凯添燃气,宁夏,供气供热,20200727.0
920445.BJ,920445.0,龙竹科技,福建,家居用品,20200727.0
920368.BJ,920368.0,连城数控,辽宁,专用机械,20200727.0
920508.BJ,920508.0,殷图网联,北京,电气设备,20200727.0
920263.BJ,920263.0,中航泰达,北京,环境保护,20200727.0
920433.BJ,920433.0,大唐药业,内蒙,中成药,20200727.0
688050.SH,688050.0,爱博医疗,北京,医疗保健,20200729.0
688586.SH,688586.0,江航装备,安徽,航空,20200731.0
688311.SH,688311.0,盟升电子,四川,元器件,20200731.0
300859.SZ,300859.0,西域旅游,新疆,旅游服务,20200806.0
688338.SH,688338.0,赛科希德,北京,医疗保健,20200806.0
688556.SH,688556.0,高测股份,山东,专用机械,20200807.0
688339.SH,688339.0,亿华通-U,北京,汽车配件,20200810.0
688286.SH,688286.0,敏芯股份,江苏,半导体,20200810.0
688155.SH,688155.0,先惠技术,上海,电气设备,20200811.0
688065.SH,688065.0,凯赛生物,上海,化工原料,20200812.0
688313.SH,688313.0,仕佳光子,河南,通信设备,20200812.0
688185.SH,688185.0,康希诺,天津,生物制药,20200813.0
688229.SH,688229.0,博睿数据,北京,软件服务,20200817.0
688055.SH,688055.0,龙腾光电,江苏,元器件,20200817.0
688335.SH,688335.0,复洁科技,上海,环境保护,20200817.0
688521.SH,688521.0,芯原股份,上海,半导体,20200818.0
688519.SH,688519.0,南亚新材,上海,元器件,20200818.0
688379.SH,688379.0,华光新材,浙江,机械基件,20200819.0
688393.SH,688393.0,安必平,广东,医疗保健,20200820.0
688596.SH,688596.0,正帆科技,上海,专用机械,20200820.0
300865.SZ,300865.0,大宏立,四川,专用机械,20200824.0
300867.SZ,300867.0,圣元环保,福建,环境保护,20200824.0
300868.SZ,300868.0,杰美特,深圳,元器件,20200824.0
300878.SZ,300878.0,维康药业,浙江,中成药,20200824.0
300877.SZ,300877.0,金春股份,安徽,纺织,20200824.0
300860.SZ,300860.0,锋尚文化,北京,文教休闲,20200824.0
300869.SZ,300869.0,康泰医学,河北,医疗保健,20200824.0
300861.SZ,300861.0,美畅股份,陕西,矿物制品,20200824.0
300862.SZ,300862.0,蓝盾光电,安徽,电器仪表,20200824.0
300866.SZ,300866.0,安克创新,湖南,元器件,20200824.0
300863.SZ,300863.0,卡倍亿,浙江,汽车配件,20200824.0
300871.SZ,300871.0,回盛生物,湖北,农业综合,20200824.0
300875.SZ,300875.0,捷强装备,天津,专用机械,20200824.0
300873.SZ,300873.0,海晨股份,江苏,仓储物流,20200824.0
300870.SZ,300870.0,欧陆通,深圳,电气设备,20200824.0
300864.SZ,300864.0,南大环境,江苏,环境保护,20200824.0
300876.SZ,300876.0,蒙泰高新,广东,化纤,20200824.0
300872.SZ,300872.0,天阳科技,西藏,软件服务,20200824.0
688356.SH,688356.0,键凯科技,北京,化学制药,20200826.0
688215.SH,688215.0,瑞晟智能,浙江,专用机械,20200828.0
688289.SH,688289.0,圣湘生物,湖南,医疗保健,20200828.0
688408.SH,688408.0,中信博,江苏,电气设备,20200828.0
688017.SH,688017.0,绿的谐波,江苏,机械基件,20200828.0
688569.SH,688569.0,铁科轨道,北京,运输设备,20200831.0
300880.SZ,300880.0,迦南智能,浙江,电器仪表,20200901.0
300881.SZ,300881.0,盛德鑫泰,江苏,钢加工,20200901.0
300879.SZ,300879.0,大叶股份,浙江,农用机械,20200901.0
688513.SH,688513.0,苑东生物,四川,化学制药,20200902.0
688056.SH,688056.0,莱伯泰科,北京,电器仪表,20200902.0
688550.SH,688550.0,瑞联新材,陕西,化工原料,20200902.0
688378.SH,688378.0,奥来德,吉林,专用机械,20200903.0
688390.SH,688390.0,固德威,江苏,电气设备,20200904.0
688095.SH,688095.0,福昕软件,福建,软件服务,20200908.0
688559.SH,688559.0,海目星,深圳,专用机械,20200909.0
300883.SZ,300883.0,龙利得,安徽,造纸,20200910.0
300885.SZ,300885.0,海昌新材,江苏,机械基件,20200910.0
300882.SZ,300882.0,万胜智能,浙江,电器仪表,20200910.0
688551.SH,688551.0,科威尔,安徽,专用机械,20200910.0
003000.SZ,3000.0,劲仔食品,湖南,食品,20200914.0
300887.SZ,300887.0,谱尼测试,北京,电器仪表,20200916.0
300886.SZ,300886.0,华业香料,安徽,化工原料,20200916.0
300889.SZ,300889.0,爱克股份,深圳,电气设备,20200916.0
688577.SH,688577.0,浙海德曼,浙江,机床制造,20200916.0
300888.SZ,300888.0,稳健医疗,深圳,医疗保健,20200917.0
300890.SZ,300890.0,翔丰华,上海,电气设备,20200917.0
300891.SZ,300891.0,惠云钛业,广东,化工原料,20200917.0
688301.SH,688301.0,奕瑞科技,上海,医疗保健,20200918.0
003006.SZ,3006.0,百亚股份,重庆,造纸,20200921.0
003003.SZ,3003.0,天元股份,广东,广告包装,20200921.0
688127.SH,688127.0,蓝特光学,浙江,元器件,20200921.0
688536.SH,688536.0,思瑞浦,江苏,半导体,20200921.0
003002.SZ,3002.0,壶化股份,山西,化工原料,20200922.0
688526.SH,688526.0,科前生物,湖北,农业综合,20200922.0
003005.SZ,3005.0,竞业达,北京,软件服务,20200922.0
688156.SH,688156.0,路德科技,湖北,饲料,20200922.0
003008.SZ,3008.0,开普检测,河南,电气设备,20200923.0
003007.SZ,3007.0,直真科技,北京,软件服务,20200923.0
300892.SZ,300892.0,品渥食品,上海,乳制品,20200924.0
300893.SZ,300893.0,松原安全,浙江,汽车配件,20200924.0
300895.SZ,300895.0,铜牛信息,北京,软件服务,20200924.0
003009.SZ,3009.0,中天火箭,陕西,航空,20200925.0
300897.SZ,300897.0,山科智能,浙江,电器仪表,20200928.0
300896.SZ,300896.0,爱美客,北京,医疗保健,20200928.0
688585.SH,688585.0,上纬新材,上海,化工原料,20200928.0
688595.SH,688595.0,芯海科技,深圳,半导体,20200928.0
688013.SH,688013.0,天臣医疗,江苏,医疗保健,20200928.0
688093.SH,688093.0,世华科技,江苏,化工原料,20200930.0
003001.SZ,3001.0,中岩大地,北京,建筑工程,20201013.0
300999.SZ,300999.0,金龙鱼,上海,食品,20201015.0
688330.SH,688330.0,宏力达,上海,电气设备,20201015.0
300898.SZ,300898.0,熊猫乳品,浙江,乳制品,20201016.0
688386.SH,688386.0,泛亚微透,江苏,化工原料,20201016.0
688788.SH,688788.0,科思科技,深圳,通信设备,20201022.0
688129.SH,688129.0,东来技术,上海,染料涂料,20201023.0
688179.SH,688179.0,阿拉丁,上海,化学制药,20201026.0
688221.SH,688221.0,前沿生物-U,江苏,生物制药,20201028.0
300902.SZ,300902.0,国安达,福建,专用机械,20201029.0
300901.SZ,300901.0,中胤时尚,浙江,服饰,20201029.0
300900.SZ,300900.0,广联航空,黑龙江,航空,20201029.0
688133.SH,688133.0,泰坦科技,上海,化工原料,20201030.0
300906.SZ,300906.0,日月明,江西,运输设备,20201105.0
300905.SZ,300905.0,宝丽迪,江苏,染料涂料,20201105.0
300903.SZ,300903.0,科翔股份,广东,元器件,20201105.0
688529.SH,688529.0,豪森智能,辽宁,专用机械,20201109.0
920839.BJ,920839.0,万通液压,山东,工程机械,20201109.0
688057.SH,688057.0,金达莱,江西,环境保护,20201111.0
688135.SH,688135.0,利扬芯片,广东,半导体,20201111.0
300884.SZ,300884.0,狄耐克,福建,IT设备,20201112.0
688160.SH,688160.0,步科股份,上海,电器仪表,20201112.0
300909.SZ,300909.0,汇创达,深圳,元器件,20201118.0
300907.SZ,300907.0,康平科技,江苏,电气设备,20201118.0
688219.SH,688219.0,会通股份,安徽,塑料,20201118.0
920396.BJ,920396.0,常辅股份,江苏,电器仪表,20201118.0
300908.SZ,300908.0,仲景食品,河南,食品,20201123.0
688777.SH,688777.0,中控技术,浙江,专用机械,20201124.0
920047.BJ,920047.0,诺思兰德,北京,生物制药,20201124.0
300910.SZ,300910.0,瑞丰新材,河南,化工原料,20201127.0
920030.BJ,920030.0,德众汽车,湖南,汽车服务,20201127.0
300915.SZ,300915.0,海融科技,上海,乳制品,20201202.0
300916.SZ,300916.0,朗特智能,深圳,元器件,20201202.0
688578.SH,688578.0,艾力斯,上海,化学制药,20201202.0
688557.SH,688557.0,兰剑智能,山东,专用机械,20201202.0
300911.SZ,300911.0,亿田智能,浙江,家用电器,20201203.0
300912.SZ,300912.0,凯龙高科,江苏,汽车配件,20201207.0
300913.SZ,300913.0,兆龙互连,浙江,通信设备,20201207.0
688590.SH,688590.0,新致软件,上海,软件服务,20201207.0
920670.BJ,920670.0,XD数字人,山东,软件服务,20201208.0
688308.SH,688308.0,欧科亿,湖南,机械基件,20201210.0
688571.SH,688571.0,杭华股份,浙江,染料涂料,20201211.0
688136.SH,688136.0,科兴制药,山东,生物制药,20201214.0
688608.SH,688608.0,恒玄科技,上海,半导体,20201216.0
688510.SH,688510.0,航亚科技,江苏,航空,20201216.0
688699.SH,688699.0,明微电子,深圳,半导体,20201218.0
300917.SZ,300917.0,特发服务,深圳,房产服务,20201221.0
688668.SH,688668.0,鼎通科技,广东,通信设备,20201221.0
300921.SZ,300921.0,南凌科技,深圳,互联网,20201222.0
300918.SZ,300918.0,南山智尚,山东,纺织,20201222.0
300919.SZ,300919.0,中伟新材,贵州,电气设备,20201223.0
688678.SH,688678.0,福立旺,江苏,元器件,20201223.0
920000.BJ,920000.0,安徽凤凰,安徽,汽车配件,20201223.0
300923.SZ,300923.0,研奥股份,吉林,运输设备,20201224.0
688658.SH,688658.0,悦康药业,北京,化学制药,20201224.0
688560.SH,688560.0,明冠新材,江西,电气设备,20201224.0
300922.SZ,300922.0,天秦装备,河北,专用机械,20201225.0
300920.SZ,300920.0,润阳科技,浙江,塑料,20201225.0
688679.SH,688679.0,通源环境,安徽,环境保护,20201225.0
920856.BJ,920856.0,浩淼科技,安徽,专用机械,20201225.0
920510.BJ,920510.0,丰光精密,山东,机械基件,20201228.0
920675.BJ,920675.0,秉扬科技,四川,矿物制品,20201228.0
688698.SH,688698.0,伟创电气,江苏,电气设备,20201229.0
300925.SZ,300925.0,法本信息,深圳,软件服务,20201230.0
688618.SH,688618.0,三旺通信,深圳,通信设备,20201230.0
688063.SH,688063.0,派能科技,上海,电气设备,20201230.0
300894.SZ,300894.0,火星人,浙江,家用电器,20201231.0
688686.SH,688686.0,奥普特,广东,电器仪表,20201231.0
300928.SZ,300928.0,华安鑫创,北京,汽车配件,20210106.0
300927.SZ,300927.0,江天化学,江苏,化工原料,20210107.0
300926.SZ,300926.0,博俊科技,江苏,汽车配件,20210107.0
688617.SH,688617.0,惠泰医疗,深圳,医疗保健,20210107.0
920344.BJ,920344.0,三元基因,北京,生物制药,20210108.0
920509.BJ,920509.0,同惠电子,江苏,电器仪表,20210111.0
920826.BJ,920826.0,盖世食品,辽宁,食品,20210112.0
688656.SH,688656.0,浩欧博,江苏,医疗保健,20210113.0
688819.SH,688819.0,天能股份,浙江,电气设备,20210118.0
688317.SH,688317.0,之江生物,上海,医疗保健,20210118.0
300929.SZ,300929.0,华骐环保,安徽,环境保护,20210120.0
300935.SZ,300935.0,盈建科,北京,软件服务,20210120.0
300931.SZ,300931.0,通用电梯,江苏,运输设备,20210121.0
300930.SZ,300930.0,屹通新材,浙江,小金属,20210121.0
300933.SZ,300933.0,中辰股份,江苏,电气设备,20210122.0
300932.SZ,300932.0,三友联众,广东,电气设备,20210122.0
688680.SH,688680.0,海优新材,上海,塑料,20210122.0
688669.SH,688669.0,聚石化学,广东,化工原料,20210125.0
920275.BJ,920275.0,驱动力,广东,农业综合,20210125.0
300936.SZ,300936.0,中英科技,江苏,元器件,20210126.0
300938.SZ,300938.0,信测标准,深圳,电器仪表,20210127.0
300937.SZ,300937.0,药易购,四川,医药商业,20210127.0
688689.SH,688689.0,银河微电,江苏,半导体,20210127.0
300939.SZ,300939.0,秋田微,深圳,元器件,20210128.0
688350.SH,688350.0,富淼科技,江苏,化工原料,20210128.0
688607.SH,688607.0,康众医疗,江苏,医疗保健,20210201.0
688628.SH,688628.0,优利德,广东,电器仪表,20210201.0
300940.SZ,300940.0,南极光,深圳,元器件,20210203.0
920427.BJ,920427.0,华维设计,江西,建筑工程,20210205.0
300946.SZ,300946.0,恒而达,福建,机械基件,20210208.0
688687.SH,688687.0,凯因科技,北京,生物制药,20210208.0
688059.SH,688059.0,华锐精密,湖南,机械基件,20210208.0
300941.SZ,300941.0,创识科技,福建,IT设备,20210209.0
300942.SZ,300942.0,易瑞生物,深圳,医疗保健,20210209.0
688665.SH,688665.0,四方光电,湖北,电器仪表,20210209.0
920239.BJ,920239.0,长虹能源,四川,电气设备,20210209.0
300945.SZ,300945.0,曼卡龙,浙江,服饰,20210210.0
300943.SZ,300943.0,春晖智控,浙江,机械基件,20210210.0
300947.SZ,300947.0,德必集团,上海,房产服务,20210210.0
688070.SH,688070.0,纵横股份,四川,航空,20210210.0
920735.BJ,920735.0,德源药业,江苏,化学制药,20210219.0
920599.BJ,920599.0,同力股份,陕西,工程机械,20210222.0
688619.SH,688619.0,罗普特,福建,软件服务,20210223.0
920832.BJ,920832.0,齐鲁华信,山东,化工原料,20210223.0
300948.SZ,300948.0,冠中生态,山东,环境保护,20210225.0
688183.SH,688183.0,生益电子,广东,元器件,20210225.0
920225.BJ,920225.0,利通科技,河南,橡胶,20210225.0
300949.SZ,300949.0,奥雅股份,深圳,建筑工程,20210226.0
300951.SZ,300951.0,博硕科技,深圳,元器件,20210226.0
688677.SH,688677.0,海泰新光,山东,医疗保健,20210226.0
688079.SH,688079.0,美迪凯,浙江,元器件,20210302.0
300950.SZ,300950.0,德固特,山东,专用机械,20210303.0
688696.SH,688696.0,极米科技,四川,家用电器,20210303.0
688328.SH,688328.0,深科达,深圳,专用机械,20210309.0
688676.SH,688676.0,金盘科技,海南,电气设备,20210309.0
300952.SZ,300952.0,恒辉安防,江苏,纺织,20210311.0
688083.SH,688083.0,中望软件,广东,软件服务,20210311.0
688667.SH,688667.0,菱电电控,湖北,汽车配件,20210312.0
688316.SH,688316.0,青云科技-U,北京,软件服务,20210316.0
688456.SH,688456.0,有研粉材,北京,铜,20210317.0
300953.SZ,300953.0,震裕科技,浙江,电气设备,20210318.0
688616.SH,688616.0,西力科技,浙江,电器仪表,20210318.0
688092.SH,688092.0,爱科科技,浙江,专用机械,20210319.0
300959.SZ,300959.0,线上线下,江苏,电信运营,20210322.0
688609.SH,688609.0,九联科技,广东,家用电器,20210323.0
300955.SZ,300955.0,嘉亨家化,福建,日用化工,20210324.0
688633.SH,688633.0,星球石墨,江苏,专用机械,20210324.0
688606.SH,688606.0,奥泰生物,浙江,医疗保健,20210325.0
300957.SZ,300957.0,贝泰妮,云南,日用化工,20210325.0
300956.SZ,300956.0,英力股份,安徽,元器件,20210326.0
688195.SH,688195.0,腾景科技,福建,元器件,20210326.0
300958.SZ,300958.0,建工修复,北京,环境保护,20210329.0
300960.SZ,300960.0,通业科技,深圳,运输设备,20210329.0
688329.SH,688329.0,艾隆科技,江苏,专用机械,20210329.0
688661.SH,688661.0,和林微纳,江苏,元器件,20210329.0
300961.SZ,300961.0,深水海纳,深圳,环境保护,20210330.0
688109.SH,688109.0,品茗科技,浙江,软件服务,20210330.0
688659.SH,688659.0,元琛科技,安徽,环境保护,20210331.0
688626.SH,688626.0,翔宇医疗,河南,医疗保健,20210331.0
688630.SH,688630.0,芯碁微装,安徽,专用机械,20210401.0
688662.SH,688662.0,富信科技,广东,元器件,20210401.0
300965.SZ,300965.0,恒宇信通,北京,航空,20210402.0
688260.SH,688260.0,昀冢科技,江苏,元器件,20210406.0
688191.SH,688191.0,智洋创新,山东,软件服务,20210408.0
688636.SH,688636.0,智明达,四川,元器件,20210408.0
300963.SZ,300963.0,中洲特材,上海,小金属,20210409.0
300962.SZ,300962.0,中金辐照,深圳,医疗保健,20210409.0
300966.SZ,300966.0,共同药业,湖北,化学制药,20210409.0
688468.SH,688468.0,科美诊断,北京,医疗保健,20210409.0
300970.SZ,300970.0,华绿生物,江苏,种植业,20210412.0
688683.SH,688683.0,莱尔科技,广东,元器件,20210412.0
688611.SH,688611.0,杭州柯林,浙江,电气设备,20210412.0
300969.SZ,300969.0,恒帅股份,浙江,汽车配件,20210412.0
300967.SZ,300967.0,晓鸣股份,宁夏,农业综合,20210413.0
688315.SH,688315.0,诺禾致源,北京,医疗保健,20210413.0
688663.SH,688663.0,新风光,山东,电气设备,20210413.0
300968.SZ,300968.0,格林精密,广东,元器件,20210415.0
300973.SZ,300973.0,立高食品,广东,食品,20210415.0
300971.SZ,300971.0,博亚精工,湖北,机械基件,20210415.0
300972.SZ,300972.0,万辰集团,福建,食品,20210419.0
688533.SH,688533.0,上声电子,江苏,汽车配件,20210419.0
300976.SZ,300976.0,达瑞电子,广东,元器件,20210419.0
300977.SZ,300977.0,深圳瑞捷,深圳,建筑工程,20210420.0
688682.SH,688682.0,霍莱沃,上海,软件服务,20210420.0
300983.SZ,300983.0,尤安设计,上海,建筑工程,20210420.0
300975.SZ,300975.0,商络电子,江苏,元器件,20210421.0
688201.SH,688201.0,信安世纪,北京,软件服务,20210421.0
300980.SZ,300980.0,祥源新材,湖北,塑料,20210421.0
688639.SH,688639.0,华恒生物,安徽,化学制药,20210422.0
300978.SZ,300978.0,东箭科技,广东,汽车配件,20210426.0
300979.SZ,300979.0,华利集团,广东,服饰,20210426.0
300981.SZ,300981.0,中红医疗,河北,医疗保健,20210427.0
300982.SZ,300982.0,苏文电能,江苏,建筑工程,20210427.0
688383.SH,688383.0,新益昌,深圳,专用机械,20210428.0
688323.SH,688323.0,瑞华泰,深圳,塑料,20210428.0
688395.SH,688395.0,正弦电气,深圳,机械基件,20210429.0
300985.SZ,300985.0,致远新能,吉林,汽车配件,20210429.0
300986.SZ,300986.0,志特新材,江西,建筑工程,20210430.0
688113.SH,688113.0,联测科技,江苏,专用机械,20210506.0
300989.SZ,300989.0,蕾奥规划,深圳,建筑工程,20210507.0
300987.SZ,300987.0,川网传媒,四川,互联网,20210511.0
688655.SH,688655.0,迅捷兴,深圳,元器件,20210511.0
688097.SH,688097.0,博众精工,江苏,专用机械,20210512.0
688355.SH,688355.0,明志科技,江苏,机械基件,20210512.0
300990.SZ,300990.0,同飞股份,河北,专用机械,20210512.0
300988.SZ,300988.0,津荣天宇,天津,机械基件,20210512.0
688565.SH,688565.0,力源科技,浙江,环境保护,20210513.0
688685.SH,688685.0,迈信林,江苏,航空,20210513.0
688575.SH,688575.0,亚辉龙,深圳,医疗保健,20210517.0
688217.SH,688217.0,睿昂基因,上海,医疗保健,20210517.0
688314.SH,688314.0,康拓医疗,陕西,医疗保健,20210518.0
688660.SH,688660.0,电气风电,上海,电气设备,20210519.0
300991.SZ,300991.0,创益通,深圳,元器件,20210520.0
688613.SH,688613.0,奥精医疗,北京,医疗保健,20210521.0
688359.SH,688359.0,三孚新科,广东,化工原料,20210521.0
300993.SZ,300993.0,玉马科技,山东,家居用品,20210524.0
300614.SZ,300614.0,百川畅银,河南,环境保护,20210525.0
300992.SZ,300992.0,泰福泵业,浙江,机械基件,20210525.0
300995.SZ,300995.0,奇德新材,广东,塑料,20210526.0
920726.BJ,920726.0,朱老六,吉林,食品,20210527.0
688538.SH,688538.0,和辉光电-U,上海,半导体,20210528.0
300998.SZ,300998.0,宁波方正,浙江,专用机械,20210602.0
300997.SZ,300997.0,欢乐家,广东,软饮料,20210602.0
300996.SZ,300996.0,普联软件,山东,软件服务,20210603.0
688117.SH,688117.0,圣诺生物,四川,生物制药,20210603.0
920523.BJ,920523.0,德瑞锂电,广东,电气设备,20210603.0
688625.SH,688625.0,呈和科技,广东,化工原料,20210607.0
688131.SH,688131.0,皓元医药,上海,化学制药,20210608.0
688319.SH,688319.0,欧林生物,四川,生物制药,20210608.0
920212.BJ,920212.0,智新电子,山东,元器件,20210608.0
688269.SH,688269.0,凯立新材,陕西,化工原料,20210609.0
688345.SH,688345.0,博力威,广东,电气设备,20210611.0
688700.SH,688700.0,东威科技,江苏,专用机械,20210615.0
688067.SH,688067.0,爱威科技,湖南,医疗保健,20210616.0
688681.SH,688681.0,科汇股份,山东,电气设备,20210616.0
688597.SH,688597.0,煜邦电力,北京,电器仪表,20210617.0
688517.SH,688517.0,金冠电气,河南,电气设备,20210618.0
300984.SZ,300984.0,金沃股份,浙江,机械基件,20210618.0
688621.SH,688621.0,阳光诺和,北京,医疗保健,20210621.0
688425.SH,688425.0,铁建重工,湖南,工程机械,20210622.0
688690.SH,688690.0,纳微科技,江苏,化工原料,20210623.0
688216.SH,688216.0,气派科技,深圳,半导体,20210623.0
688276.SH,688276.0,百克生物,吉林,生物制药,20210625.0
688601.SH,688601.0,力芯微,江苏,半导体,20210628.0
688367.SH,688367.0,工大高科,安徽,运输设备,20210628.0
920768.BJ,920768.0,拾比佰,广东,家用电器,20210628.0
688161.SH,688161.0,威高骨科,山东,医疗保健,20210630.0
688499.SH,688499.0,利元亨,广东,专用机械,20210701.0
688239.SH,688239.0,航宇科技,贵州,航空,20210705.0
920765.BJ,920765.0,美之高,深圳,家居用品,20210705.0
688226.SH,688226.0,威腾电气,江苏,电气设备,20210707.0
688789.SH,688789.0,宏华数科,浙江,专用机械,20210708.0
920885.BJ,920885.0,星辰科技,广西,电器仪表,20210708.0
688305.SH,688305.0,科德数控,辽宁,机床制造,20210709.0
688087.SH,688087.0,英科再生,山东,环境保护,20210709.0
688799.SH,688799.0,华纳药厂,湖南,化学制药,20210713.0
688038.SH,688038.0,中科通达,湖北,软件服务,20210713.0
688793.SH,688793.0,倍轻松,深圳,家用电器,20210715.0
688501.SH,688501.0,青达环保,山东,环境保护,20210716.0
920146.BJ,920146.0,华阳变速,湖北,汽车配件,20210720.0
688303.SH,688303.0,大全能源,新疆,电气设备,20210722.0
688800.SH,688800.0,瑞可达,江苏,元器件,20210722.0
688768.SH,688768.0,容知日新,安徽,电器仪表,20210726.0
688296.SH,688296.0,和达科技,浙江,软件服务,20210727.0
688718.SH,688718.0,唯赛勃,上海,塑料,20210728.0
688071.SH,688071.0,华依科技,上海,专用机械,20210729.0
688509.SH,688509.0,正元地信,北京,软件服务,20210730.0
688511.SH,688511.0,天微电子,四川,元器件,20210730.0
688670.SH,688670.0,金迪克,江苏,生物制药,20210802.0
300774.SZ,300774.0,倍杰特,北京,环境保护,20210804.0
688385.SH,688385.0,复旦微电,上海,半导体,20210804.0
300964.SZ,300964.0,本川智能,江苏,元器件,20210805.0
688778.SH,688778.0,厦钨新能,福建,电气设备,20210805.0
688148.SH,688148.0,芳源股份,广东,电气设备,20210806.0
920553.BJ,920553.0,凯腾精工,北京,专用机械,20210806.0
920090.BJ,920090.0,同辉信息,北京,IT设备,20210809.0
688779.SH,688779.0,五矿新能,湖南,电气设备,20210811.0
300814.SZ,300814.0,中富电路,深圳,元器件,20210812.0
300994.SZ,300994.0,久祺股份,浙江,文教休闲,20210812.0
688787.SH,688787.0,海天瑞声,北京,软件服务,20210813.0
300844.SZ,300844.0,山水比德,广东,建筑工程,20210813.0
920566.BJ,920566.0,梓橦宫,四川,化学制药,20210813.0
688798.SH,688798.0,艾为电子,上海,半导体,20210816.0
920642.BJ,920642.0,通易航天,江苏,航空,20210816.0
688733.SH,688733.0,壹石通,安徽,矿物制品,20210817.0
688728.SH,688728.0,格科微,上海,半导体,20210818.0
920039.BJ,920039.0,国义招标,广东,建筑工程,20210818.0
920174.BJ,920174.0,五新隧装,湖南,工程机械,20210820.0
688766.SH,688766.0,普冉股份,上海,半导体,20210823.0
688786.SH,688786.0,悦安新材,江西,小金属,20210826.0
688776.SH,688776.0,国光电气,四川,元器件,20210831.0
920077.BJ,920077.0,吉林碳谷,吉林,化纤,20210831.0
688711.SH,688711.0,宏微科技,江苏,半导体,20210901.0
688121.SH,688121.0,卓然股份,上海,专用机械,20210906.0
688187.SH,688187.0,时代电气,湖南,运输设备,20210907.0
688767.SH,688767.0,博拓生物,浙江,医疗保健,20210908.0
688091.SH,688091.0,上海谊众,上海,化学制药,20210909.0
688103.SH,688103.0,国力电子,江苏,元器件,20210910.0
688622.SH,688622.0,禾信仪器,广东,电器仪表,20210913.0
688707.SH,688707.0,振华新材,贵州,电气设备,20210914.0
300854.SZ,300854.0,中兰环保,深圳,环境保护,20210916.0
688701.SH,688701.0,卓锦股份,浙江,环境保护,20210916.0
688697.SH,688697.0,纽威数控,江苏,机床制造,20210917.0
688772.SH,688772.0,珠海冠宇,广东,电气设备,20211015.0
688272.SH,688272.0,富吉瑞,北京,元器件,20211018.0
688722.SH,688722.0,同益中,北京,化纤,20211019.0
688285.SH,688285.0,高铁电气,陕西,运输设备,20211020.0
688737.SH,688737.0,中自科技,四川,汽车配件,20211022.0
688255.SH,688255.0,凯尔达,浙江,机械基件,20211025.0
920925.BJ,920925.0,锦好医疗,广东,医疗保健,20211025.0
688211.SH,688211.0,中科微至,江苏,专用机械,20211026.0
688553.SH,688553.0,汇宇制药-W,四川,化学制药,20211026.0
688280.SH,688280.0,精进电动-UW,北京,汽车配件,20211027.0
688257.SH,688257.0,新锐股份,江苏,机械基件,20211027.0
688739.SH,688739.0,成大生物,辽宁,生物制药,20211028.0
920892.BJ,920892.0,广咨国际,广东,建筑工程,20211028.0
920924.BJ,920924.0,广脉科技,浙江,通信设备,20211103.0
920405.BJ,920405.0,海希通讯,上海,电器仪表,20211105.0
920089.BJ,920089.0,禾昌聚合,江苏,塑料,20211109.0
688162.SH,688162.0,巨一科技,安徽,专用机械,20211110.0
688107.SH,688107.0,安路科技,上海,半导体,20211112.0
688105.SH,688105.0,诺唯赞,江苏,生物制药,20211115.0
688212.SH,688212.0,澳华内镜,上海,医疗保健,20211115.0
920092.BJ,920092.0,汉鑫科技,山东,软件服务,20211115.0
920145.BJ,920145.0,恒合股份,北京,环境保护,20211115.0
920932.BJ,920932.0,科达自控,山西,软件服务,20211115.0
920171.BJ,920171.0,志晟信息,河北,软件服务,20211115.0
920454.BJ,920454.0,同心传动,河南,汽车配件,20211115.0
920873.BJ,920873.0,中设咨询,重庆,建筑工程,20211115.0
920260.BJ,920260.0,中寰股份,四川,专用机械,20211115.0
920436.BJ,920436.0,大地电气,江苏,汽车配件,20211115.0
920981.BJ,920981.0,晶赛科技,安徽,元器件,20211115.0
688182.SH,688182.0,灿勤科技,江苏,通信设备,20211116.0
688232.SH,688232.0,新点软件,江苏,软件服务,20211117.0
688082.SH,688082.0,盛美上海,上海,半导体,20211118.0
688075.SH,688075.0,安旭生物,浙江,医疗保健,20211118.0
920720.BJ,920720.0,吉冈精密,江苏,机械基件,20211124.0
688190.SH,688190.0,云路股份,山东,矿物制品,20211126.0
688049.SH,688049.0,炬芯科技,广东,半导体,20211129.0
688112.SH,688112.0,鼎阳科技,深圳,电器仪表,20211201.0
688230.SH,688230.0,芯导科技,上海,半导体,20211201.0
688151.SH,688151.0,华强科技,湖北,医疗保健,20211206.0
688110.SH,688110.0,东芯股份,上海,半导体,20211210.0
688192.SH,688192.0,迪哲医药-U,江苏,生物制药,20211210.0
688246.SH,688246.0,嘉和美康,北京,软件服务,20211214.0
688235.SH,688235.0,百济神州,北京,生物制药,20211215.0
688032.SH,688032.0,禾迈股份,浙江,电气设备,20211220.0
688248.SH,688248.0,南网科技,广东,电气设备,20211222.0
688167.SH,688167.0,炬光科技,陕西,元器件,20211224.0
688210.SH,688210.0,统联精密,深圳,元器件,20211227.0
688265.SH,688265.0,南模生物,上海,医疗保健,20211228.0
688206.SH,688206.0,概伦电子,上海,半导体,20211228.0
688227.SH,688227.0,品高股份,广东,软件服务,20211230.0
688236.SH,688236.0,春立医疗,北京,医疗保健,20211230.0
688262.SH,688262.0,国芯科技,江苏,半导体,20220106.0
920245.BJ,920245.0,威博液压,江苏,机械基件,20220106.0
688176.SH,688176.0,亚虹医药-U,江苏,化学制药,20220107.0
688259.SH,688259.0,创耀科技,江苏,半导体,20220112.0
688234.SH,688234.0,天岳先进,山东,半导体,20220112.0
300834.SZ,300834.0,星辉环材,广东,化工原料,20220113.0
688220.SH,688220.0,翱捷科技-U,上海,半导体,20220114.0
688062.SH,688062.0,迈威生物-U,上海,生物制药,20220118.0
920204.BJ,920204.0,沪江材料,江苏,塑料,20220118.0
688173.SH,688173.0,希荻微,广东,半导体,20220121.0
688223.SH,688223.0,晶科能源,江西,电气设备,20220126.0
688171.SH,688171.0,纬德信息,广东,软件服务,20220127.0
688225.SH,688225.0,亚信安全,江苏,软件服务,20220209.0
688261.SH,688261.0,东微半导,江苏,半导体,20220210.0
688283.SH,688283.0,坤恒顺维,四川,电器仪表,20220215.0
688267.SH,688267.0,中触媒,辽宁,化工原料,20220216.0
920346.BJ,920346.0,威贸电子,上海,元器件,20220223.0
920857.BJ,920857.0,泓禧科技,重庆,元器件,20220228.0
920179.BJ,920179.0,凯德石英,北京,矿物制品,20220304.0
688281.SH,688281.0,华秦科技,陕西,航空,20220307.0
688163.SH,688163.0,赛伦生物,上海,生物制药,20220311.0
920419.BJ,920419.0,路斯股份,山东,饲料,20220311.0
688115.SH,688115.0,思林杰,广东,电器仪表,20220314.0
688175.SH,688175.0,高凌信息,广东,通信设备,20220315.0
688102.SH,688102.0,斯瑞新材,陕西,铜,20220316.0
688207.SH,688207.0,格灵深瞳,北京,软件服务,20220317.0
688282.SH,688282.0,理工导航,北京,通信设备,20220318.0
688150.SH,688150.0,莱特光电,陕西,元器件,20220318.0
920689.BJ,920689.0,克莱特,山东,专用机械,20220321.0
688306.SH,688306.0,均普智能,浙江,专用机械,20220322.0
688238.SH,688238.0,和元生物,上海,医疗保健,20220322.0
688197.SH,688197.0,首药控股-U,北京,化学制药,20220323.0
688193.SH,688193.0,仁度生物,上海,医疗保健,20220330.0
688331.SH,688331.0,荣昌生物,山东,生物制药,20220331.0
688048.SH,688048.0,长光华芯,江苏,半导体,20220401.0
688295.SH,688295.0,中复神鹰,江苏,化纤,20220406.0
688337.SH,688337.0,普源精电,江苏,电器仪表,20220408.0
688302.SH,688302.0,海创药业-U,四川,生物制药,20220412.0
688153.SH,688153.0,唯捷创芯,天津,半导体,20220412.0
688125.SH,688125.0,安达智能,广东,专用机械,20220415.0
920169.BJ,920169.0,七丰精工,浙江,机械基件,20220415.0
688209.SH,688209.0,英集芯,深圳,半导体,20220419.0
688326.SH,688326.0,经纬恒润-W,北京,汽车配件,20220419.0
688279.SH,688279.0,峰岹科技,深圳,半导体,20220420.0
688072.SH,688072.0,拓荆科技,辽宁,半导体,20220420.0
688052.SH,688052.0,纳芯微,江苏,半导体,20220422.0
688325.SH,688325.0,赛微微电,广东,半导体,20220422.0
688046.SH,688046.0,药康生物,江苏,生物制药,20220425.0
688320.SH,688320.0,禾川科技,浙江,电器仪表,20220428.0
688170.SH,688170.0,德龙激光,江苏,专用机械,20220429.0
688290.SH,688290.0,景业智能,浙江,专用机械,20220429.0
920580.BJ,920580.0,科创新材,河南,其他建材,20220513.0
920970.BJ,920970.0,大禹生物,山西,饲料,20220518.0
688213.SH,688213.0,思特威-W,上海,半导体,20220520.0
920533.BJ,920533.0,骏创科技,江苏,汽车配件,20220524.0
688045.SH,688045.0,必易微,深圳,半导体,20220526.0
688327.SH,688327.0,云从科技-UW,广东,软件服务,20220527.0
920267.BJ,920267.0,鑫汇科,深圳,元器件,20220527.0
920271.BJ,920271.0,邦德股份,山东,汽车配件,20220602.0
688119.SH,688119.0,中钢洛耐,河南,其他建材,20220606.0
688251.SH,688251.0,井松智能,安徽,专用机械,20220606.0
688120.SH,688120.0,华海清科,天津,半导体,20220608.0
688348.SH,688348.0,昱能科技,浙江,电气设备,20220608.0
920223.BJ,920223.0,荣亿精密,浙江,机械基件,20220609.0
920299.BJ,920299.0,灿能电力,江苏,电气设备,20220610.0
920491.BJ,920491.0,奥迪威,广东,元器件,20220614.0
920564.BJ,920564.0,天润科技,陕西,软件服务,20220617.0
920378.BJ,920378.0,泰德股份,山东,汽车配件,20220620.0
688349.SH,688349.0,三一重能,北京,电气设备,20220622.0
688047.SH,688047.0,龙芯中科,北京,半导体,20220624.0
920943.BJ,920943.0,优机股份,四川,机械基件,20220624.0
688297.SH,688297.0,中无人机,四川,航空,20220629.0
688237.SH,688237.0,超卓航科,湖北,航空,20220701.0
920870.BJ,920870.0,恒进感应,湖北,机床制造,20220705.0
688400.SH,688400.0,凌云光,北京,专用机械,20220706.0
920821.BJ,920821.0,则成电子,深圳,元器件,20220706.0
688322.SH,688322.0,奥比中光-W,深圳,元器件,20220707.0
920639.BJ,920639.0,晨光电缆,浙江,电气设备,20220712.0
688353.SH,688353.0,华盛锂电,江苏,化工原料,20220713.0
920062.BJ,920062.0,科润智控,浙江,电气设备,20220713.0
688332.SH,688332.0,中科蓝讯,深圳,半导体,20220715.0
920725.BJ,920725.0,惠丰钻石,河南,矿物制品,20220718.0
688231.SH,688231.0,隆达股份,江苏,航空,20220722.0
688375.SH,688375.0,国博电子,江苏,元器件,20220722.0
920871.BJ,920871.0,派特尔,广东,塑料,20220722.0
688382.SH,688382.0,益方生物-U,上海,生物制药,20220725.0
688253.SH,688253.0,英诺特,北京,医疗保健,20220728.0
688130.SH,688130.0,晶华微,浙江,半导体,20220729.0
688371.SH,688371.0,菲沃泰,江苏,元器件,20220802.0
688380.SH,688380.0,中微半导,深圳,半导体,20220805.0
688373.SH,688373.0,盟科药业-U,上海,化学制药,20220805.0
920985.BJ,920985.0,海泰新能,河北,电气设备,20220808.0
688205.SH,688205.0,德科立,江苏,通信设备,20220809.0
688273.SH,688273.0,麦澜德,江苏,医疗保健,20220811.0
688041.SH,688041.0,海光信息,天津,半导体,20220812.0
688203.SH,688203.0,海正生材,浙江,塑料,20220816.0
688401.SH,688401.0,路维光电,深圳,半导体,20220817.0
688292.SH,688292.0,浩瀚深度,北京,通信设备,20220818.0
688403.SH,688403.0,汇成股份,安徽,半导体,20220818.0
920834.BJ,920834.0,三维装备,江苏,塑料,20220822.0
688271.SH,688271.0,联影医疗,上海,医疗保健,20220822.0
688381.SH,688381.0,帝奥微,江苏,半导体,20220823.0
688247.SH,688247.0,宣泰医药,上海,化学制药,20220825.0
688370.SH,688370.0,丛麟科技,上海,环境保护,20220825.0
688439.SH,688439.0,振华风光,贵州,元器件,20220826.0
688416.SH,688416.0,恒烁股份,安徽,半导体,20220829.0
688351.SH,688351.0,微电生理,上海,医疗保健,20220831.0
920152.BJ,920152.0,昆工科技,云南,小金属,20220901.0
920395.BJ,920395.0,朗鸿科技,浙江,IT设备,20220901.0
688293.SH,688293.0,奥浦迈,上海,生物制药,20220902.0
920790.BJ,920790.0,联迪信息,江苏,软件服务,20220902.0
920270.BJ,920270.0,天铭科技,浙江,汽车配件,20220902.0
688114.SH,688114.0,华大智造,深圳,医疗保健,20220909.0
688391.SH,688391.0,钜泉科技,上海,半导体,20220913.0
688455.SH,688455.0,科捷智能,山东,机械基件,20220915.0
688035.SH,688035.0,德邦科技,山东,半导体,20220919.0
688428.SH,688428.0,诺诚健华,北京,生物制药,20220921.0
688448.SH,688448.0,磁谷科技,江苏,专用机械,20220921.0
688132.SH,688132.0,邦彦技术,深圳,通信设备,20220923.0
920207.BJ,920207.0,众诚科技,河南,软件服务,20220923.0
688387.SH,688387.0,信科移动-U,湖北,通信设备,20220926.0
688252.SH,688252.0,天德钰,深圳,半导体,20220927.0
688392.SH,688392.0,骄成超声,上海,专用机械,20220927.0
920122.BJ,920122.0,中纺标,北京,综合类,20220927.0
920971.BJ,920971.0,天马新材,河南,化工原料,20220927.0
920402.BJ,920402.0,硅烷科技,河南,化工原料,20220928.0
688137.SH,688137.0,近岸蛋白,江苏,生物制药,20220929.0
688275.SH,688275.0,万润新能,湖北,电气设备,20220929.0
688409.SH,688409.0,富创精密,辽宁,半导体,20221010.0
920685.BJ,920685.0,新芝生物,浙江,电器仪表,20221010.0
688073.SH,688073.0,毕得医药,上海,化学制药,20221011.0
688459.SH,688459.0,哈铁科技,黑龙江,运输设备,20221012.0
920046.BJ,920046.0,亿能电力,江苏,电气设备,20221013.0
920476.BJ,920476.0,海能技术,山东,电器仪表,20221014.0
688031.SH,688031.0,星环科技-U,上海,软件服务,20221018.0
688061.SH,688061.0,灿瑞科技,上海,半导体,20221018.0
920992.BJ,920992.0,中科美菱,安徽,医疗保健,20221018.0
688244.SH,688244.0,永信至诚,北京,软件服务,20221019.0
688426.SH,688426.0,康为世纪,江苏,生物制药,20221025.0
688291.SH,688291.0,金橙子,北京,软件服务,20221026.0
688372.SH,688372.0,伟测科技,上海,半导体,20221026.0
920527.BJ,920527.0,夜光明,浙江,化工原料,20221027.0
688152.SH,688152.0,麒麟信安,湖南,软件服务,20221028.0
920139.BJ,920139.0,华岭股份,上海,半导体,20221028.0
920753.BJ,920753.0,天纺标,天津,纺织,20221031.0
688419.SH,688419.0,耐科装备,安徽,半导体,20221107.0
920876.BJ,920876.0,慧为智能,深圳,元器件,20221109.0
688432.SH,688432.0,有研硅,北京,半导体,20221110.0
920914.BJ,920914.0,远航精密,江苏,小金属,20221111.0
688362.SH,688362.0,甬矽电子,浙江,半导体,20221116.0
920339.BJ,920339.0,恒太照明,江苏,家用电器,20221117.0
688376.SH,688376.0,美埃科技,江苏,专用机械,20221118.0
920808.BJ,920808.0,曙光数创,北京,IT设备,20221118.0
920357.BJ,920357.0,雅葆轩,安徽,元器件,20221118.0
920634.BJ,920634.0,新威凌,湖南,铅锌,20221124.0
688480.SH,688480.0,赛恩斯,湖南,环境保护,20221125.0
920237.BJ,920237.0,力佳科技,湖北,电气设备,20221125.0
920662.BJ,920662.0,方盛股份,江苏,机械基件,20221128.0
920374.BJ,920374.0,云里物里,深圳,通信设备,20221129.0
920199.BJ,920199.0,倍益康,四川,家用电器,20221201.0
688489.SH,688489.0,三未信安,北京,IT设备,20221202.0
920641.BJ,920641.0,格利尔,江苏,矿物制品,20221202.0
920110.BJ,920110.0,雷特科技,广东,电气设备,20221206.0
920087.BJ,920087.0,秋乐种业,河南,种植业,20221207.0
920300.BJ,920300.0,辰光医疗,上海,医疗保健,20221207.0
688084.SH,688084.0,晶品特装,北京,专用机械,20221208.0
920942.BJ,920942.0,恒立钻具,湖北,机械基件,20221208.0
688420.SH,688420.0,美腾科技,天津,专用机械,20221209.0
688503.SH,688503.0,聚和材料,江苏,电气设备,20221209.0
920230.BJ,920230.0,欧康医药,四川,生物制药,20221209.0
920866.BJ,920866.0,绿亨科技,广东,农药化肥,20221209.0
688143.SH,688143.0,长盈通,湖北,通信设备,20221212.0
920414.BJ,920414.0,欧普泰,上海,电器仪表,20221212.0
920014.BJ,920014.0,特瑞斯,江苏,专用机械,20221213.0
920957.BJ,920957.0,汉维科技,广东,化工原料,20221214.0
920075.BJ,920075.0,柏星龙,深圳,广告包装,20221214.0
920429.BJ,920429.0,康比特,北京,食品,20221215.0
920571.BJ,920571.0,国航远洋,福建,水运,20221215.0
688172.SH,688172.0,燕东微,北京,半导体,20221216.0
920608.BJ,920608.0,丰安股份,浙江,机械基件,20221216.0
920810.BJ,920810.0,春光智能,辽宁,专用机械,20221216.0
920879.BJ,920879.0,基康技术,北京,电器仪表,20221220.0
920807.BJ,920807.0,奔朗新材,广东,机械基件,20221220.0
688498.SH,688498.0,源杰科技,陕西,半导体,20221221.0
920033.BJ,920033.0,康普化学,重庆,化工原料,20221221.0
920505.BJ,920505.0,九菱科技,湖北,机械基件,20221221.0
920718.BJ,920718.0,合肥高科,安徽,家用电器,20221222.0
920526.BJ,920526.0,凯华材料,天津,化工原料,20221222.0
688147.SH,688147.0,微导纳米,江苏,专用机械,20221223.0
688141.SH,688141.0,杰华特,浙江,半导体,20221223.0
920247.BJ,920247.0,华密新材,河北,橡胶,20221223.0
920190.BJ,920190.0,雷神科技,山东,IT设备,20221223.0
688410.SH,688410.0,山外山,重庆,医疗保健,20221226.0
920781.BJ,920781.0,瑞奇智造,四川,专用机械,20221226.0
920001.BJ,920001.0,纬达光电,广东,元器件,20221227.0
688475.SH,688475.0,萤石网络,浙江,IT设备,20221228.0
688496.SH,688496.0,清越科技,江苏,元器件,20221228.0
920227.BJ,920227.0,美登科技,浙江,软件服务,20221228.0
920855.BJ,920855.0,浙江大农,浙江,机床制造,20221229.0
920351.BJ,920351.0,华光源海,湖南,仓储物流,20221229.0
688525.SH,688525.0,佰维存储,深圳,半导体,20221230.0
920195.BJ,920195.0,三祥科技,山东,汽车配件,20221230.0
920392.BJ,920392.0,佳合科技,江苏,广告包装,20221230.0
920262.BJ,920262.0,太湖雪,江苏,纺织,20221230.0
688506.SH,688506.0,百利天恒,四川,化学制药,20230106.0
920950.BJ,920950.0,迅安科技,江苏,元器件,20230111.0
688485.SH,688485.0,九州一轨,北京,运输设备,20230118.0
920371.BJ,920371.0,欧福蛋业,江苏,食品,20230118.0
688435.SH,688435.0,英方软件,上海,软件服务,20230119.0
920252.BJ,920252.0,天宏锂电,浙江,电气设备,20230119.0
920425.BJ,920425.0,乐创技术,四川,专用机械,20230130.0
920023.BJ,920023.0,田野股份,广西,食品,20230202.0
920802.BJ,920802.0,保丽洁,江苏,环境保护,20230206.0
920367.BJ,920367.0,新赣江,江西,化学制药,20230209.0
688515.SH,688515.0,裕太微-U,江苏,半导体,20230210.0
688307.SH,688307.0,中润光学,浙江,元器件,20230216.0
920407.BJ,920407.0,驰诚股份,河南,电器仪表,20230216.0
920249.BJ,920249.0,利尔达,浙江,元器件,20230217.0
688486.SH,688486.0,龙迅股份,安徽,半导体,20230221.0
920273.BJ,920273.0,一致魔芋,湖北,食品,20230221.0
920906.BJ,920906.0,舜宇精工,浙江,汽车配件,20230222.0
920478.BJ,920478.0,峆一药业,安徽,化学制药,20230223.0
920770.BJ,920770.0,艾能聚,浙江,电气设备,20230228.0
688522.SH,688522.0,纳睿雷达,广东,通信设备,20230301.0
920422.BJ,920422.0,润普食品,江苏,食品,20230301.0
920974.BJ,920974.0,凯大催化,浙江,化工原料,20230308.0
688502.SH,688502.0,茂莱光学,江苏,元器件,20230309.0
920541.BJ,920541.0,铁大科技,上海,运输设备,20230310.0
920057.BJ,920057.0,百甲科技,江苏,钢加工,20230314.0
920575.BJ,920575.0,康乐卫士,北京,生物制药,20230315.0
920663.BJ,920663.0,明阳科技,江苏,汽车配件,20230315.0
920556.BJ,920556.0,雅达股份,广东,电器仪表,20230317.0
920809.BJ,920809.0,安达科技,贵州,电气设备,20230323.0
920792.BJ,920792.0,东和新材,辽宁,其他建材,20230330.0
688531.SH,688531.0,日联科技,江苏,专用机械,20230331.0
